State,Municipality,Index_Value
Aguascalientes,Aguascalientes,113
Aguascalientes,Asientos,98
Aguascalientes,Calvillo,104
Aguascalientes,Cosío,98
Aguascalientes,Jesús María,112
Aguascalientes,Pabellón de Arteaga,109
Aguascalientes,Rincón de Romos,102
Aguascalientes,San José de Gracia,102
Aguascalientes,Tepezalá,98
Aguascalientes,El Llano,92
Aguascalientes,San Francisco de los Romo,103
Baja California,Ensenada,105
Baja California,Mexicali,104
Baja California,Tecate,103
Baja California,Tijuana,105
Baja California,Playas de Rosarito,104
Baja California,San Quintín,85
Baja California Sur,Comondú,106
Baja California Sur,Mulegé,103
Baja California Sur,La Paz,114
Baja California Sur,Los Cabos,106
Baja California Sur,Loreto,107
Campeche,Calkiní,89
Campeche,Campeche,109
Campeche,Carmen,107
Campeche,Champotón,89
Campeche,Hecelchakán,87
Campeche,Hopelchén,83
Campeche,Palizada,82
Campeche,Tenabo,83
Campeche,Escárcega,86
Campeche,Calakmul,82
Campeche,Candelaria,76
Campeche,Seybaplaya,95
Coahuila de Zaragoza,Abasolo,104
Coahuila de Zaragoza,Acuña,97
Coahuila de Zaragoza,Allende,105
Coahuila de Zaragoza,Arteaga,102
Coahuila de Zaragoza,Candela,99
Coahuila de Zaragoza,Castaños,101
Coahuila de Zaragoza,Cuatro Ciénegas,98
Coahuila de Zaragoza,Escobedo,91
Coahuila de Zaragoza,Francisco I. Madero,96
Coahuila de Zaragoza,Frontera,108
Coahuila de Zaragoza,General Cepeda,91
Coahuila de Zaragoza,Guerrero,94
Coahuila de Zaragoza,Hidalgo,96
Coahuila de Zaragoza,Jiménez,94
Coahuila de Zaragoza,Juárez,99
Coahuila de Zaragoza,Lamadrid,100
Coahuila de Zaragoza,Matamoros,92
Coahuila de Zaragoza,Monclova,112
Coahuila de Zaragoza,Morelos,101
Coahuila de Zaragoza,Múzquiz,100
Coahuila de Zaragoza,Nadadores,98
Coahuila de Zaragoza,Nava,102
Coahuila de Zaragoza,Ocampo,94
Coahuila de Zaragoza,Parras,94
Coahuila de Zaragoza,Piedras Negras,104
Coahuila de Zaragoza,Progreso,93
Coahuila de Zaragoza,Ramos Arizpe,107
Coahuila de Zaragoza,Sabinas,106
Coahuila de Zaragoza,Sacramento,99
Coahuila de Zaragoza,Saltillo,112
Coahuila de Zaragoza,San Buenaventura,99
Coahuila de Zaragoza,San Juan de Sabinas,105
Coahuila de Zaragoza,San Pedro,96
Coahuila de Zaragoza,Sierra Mojada,98
Coahuila de Zaragoza,Torreón,108
Coahuila de Zaragoza,Viesca,84
Coahuila de Zaragoza,Villa Unión,94
Coahuila de Zaragoza,Zaragoza,99
Colima,Armería,94
Colima,Colima,111
Colima,Comala,97
Colima,Coquimatlán,98
Colima,Cuauhtémoc,103
Colima,Ixtlahuacán,96
Colima,Manzanillo,105
Colima,Minatitlán,95
Colima,Tecomán,95
Colima,Villa de Álvarez,116
Chiapas,Acacoyagua,77
Chiapas,Acala,76
Chiapas,Acapetahua,79
Chiapas,Altamirano,58
Chiapas,Amatán,60
Chiapas,Amatenango de la Frontera,74
Chiapas,Amatenango del Valle,47
Chiapas,Angel Albino Corzo,80
Chiapas,Arriaga,89
Chiapas,Bejucal de Ocampo,73
Chiapas,Bella Vista,70
Chiapas,Berriozábal,89
Chiapas,Bochil,67
Chiapas,El Bosque,57
Chiapas,Cacahoatán,79
Chiapas,Catazajá,77
Chiapas,Cintalapa,86
Chiapas,Coapilla,74
Chiapas,Comitán de Domínguez,91
Chiapas,La Concordia,76
Chiapas,Copainalá,76
Chiapas,Chalchihuitán,37
Chiapas,Chamula,50
Chiapas,Chanal,49
Chiapas,Chapultenango,66
Chiapas,Chenalhó,45
Chiapas,Chiapa de Corzo,88
Chiapas,Chiapilla,74
Chiapas,Chicoasén,76
Chiapas,Chicomuselo,73
Chiapas,Chilón,50
Chiapas,Escuintla,78
Chiapas,Francisco León,69
Chiapas,Frontera Comalapa,83
Chiapas,Frontera Hidalgo,79
Chiapas,La Grandeza,72
Chiapas,Huehuetán,78
Chiapas,Huixtán,53
Chiapas,Huitiupán,54
Chiapas,Huixtla,84
Chiapas,La Independencia,67
Chiapas,Ixhuatán,68
Chiapas,Ixtacomitán,74
Chiapas,Ixtapa,63
Chiapas,Ixtapangajoya,65
Chiapas,Jiquipilas,80
Chiapas,Jitotol,60
Chiapas,Juárez,83
Chiapas,Larráinzar,55
Chiapas,La Libertad,76
Chiapas,Mapastepec,82
Chiapas,Las Margaritas,58
Chiapas,Mazapa de Madero,74
Chiapas,Mazatán,73
Chiapas,Metapa,81
Chiapas,Mitontic,44
Chiapas,Motozintla,75
Chiapas,Nicolás Ruíz,70
Chiapas,Ocosingo,57
Chiapas,Ocotepec,57
Chiapas,Ocozocoautla de Espinosa,82
Chiapas,Ostuacán,79
Chiapas,Osumacinta,76
Chiapas,Oxchuc,48
Chiapas,Palenque,76
Chiapas,Pantelhó,54
Chiapas,Pantepec,60
Chiapas,Pichucalco,80
Chiapas,Pijijiapan,81
Chiapas,El Porvenir,63
Chiapas,Villa Comaltitlán,78
Chiapas,Pueblo Nuevo Solistahuacán,62
Chiapas,Rayón,63
Chiapas,Reforma,89
Chiapas,Las Rosas,71
Chiapas,Sabanilla,53
Chiapas,Salto de Agua,56
Chiapas,San Cristóbal de las Casas,91
Chiapas,San Fernando,83
Chiapas,Siltepec,72
Chiapas,Simojovel,56
Chiapas,Sitalá,39
Chiapas,Socoltenango,80
Chiapas,Solosuchiapa,70
Chiapas,Soyaló,75
Chiapas,Suchiapa,86
Chiapas,Suchiate,75
Chiapas,Sunuapa,77
Chiapas,Tapachula,87
Chiapas,Tapalapa,63
Chiapas,Tapilula,77
Chiapas,Tecpatán,77
Chiapas,Tenejapa,49
Chiapas,Teopisca,67
Chiapas,Tila,49
Chiapas,Tonalá,86
Chiapas,Totolapa,66
Chiapas,La Trinitaria,76
Chiapas,Tumbalá,53
Chiapas,Tuxtla Gutiérrez,108
Chiapas,Tuxtla Chico,78
Chiapas,Tuzantán,74
Chiapas,Tzimol,80
Chiapas,Unión Juárez,76
Chiapas,Venustiano Carranza,71
Chiapas,Villa Corzo,88
Chiapas,Villaflores,91
Chiapas,Yajalón,71
Chiapas,San Lucas,72
Chiapas,Zinacantán,57
Chiapas,San Juan Cancuc,45
Chiapas,Aldama,49
Chiapas,Benemérito de las Américas,74
Chiapas,Maravilla Tenejapa,60
Chiapas,Marqués de Comillas,70
Chiapas,Montecristo de Guerrero,82
Chiapas,San Andrés Duraznal,56
Chiapas,Santiago el Pinar,53
Chiapas,Capitán Luis Ángel Vidal,70
Chiapas,Rincón Chamula San Pedro,57
Chiapas,El Parral,77
Chiapas,Emiliano Zapata,80
Chiapas,Mezcalapa,76
Chiapas,Honduras de la Sierra,67
Chihuahua,Ahumada,100
Chihuahua,Aldama,99
Chihuahua,Allende,102
Chihuahua,Aquiles Serdán,97
Chihuahua,Ascensión,96
Chihuahua,Bachíniva,99
Chihuahua,Balleza,62
Chihuahua,Batopilas,36
Chihuahua,Bocoyna,74
Chihuahua,Buenaventura,99
Chihuahua,Camargo,102
Chihuahua,Carichí,67
Chihuahua,Casas Grandes,97
Chihuahua,Coronado,98
Chihuahua,Coyame del Sotol,97
Chihuahua,La Cruz,102
Chihuahua,Cuauhtémoc,98
Chihuahua,Cusihuiriachi,99
Chihuahua,Chihuahua,112
Chihuahua,Chínipas,68
Chihuahua,Delicias,105
Chihuahua,Dr. Belisario Domínguez,102
Chihuahua,Galeana,94
Chihuahua,Santa Isabel,102
Chihuahua,Gómez Farías,99
Chihuahua,Gran Morelos,103
Chihuahua,Guachochi,60
Chihuahua,Guadalupe,90
Chihuahua,Guadalupe y Calvo,59
Chihuahua,Guazapares,72
Chihuahua,Guerrero,91
Chihuahua,Hidalgo del Parral,111
Chihuahua,Huejotitán,103
Chihuahua,Ignacio Zaragoza,102
Chihuahua,Janos,97
Chihuahua,Jiménez,105
Chihuahua,Juárez,100
Chihuahua,Julimes,96
Chihuahua,López,105
Chihuahua,Madera,92
Chihuahua,Maguarichi,57
Chihuahua,Manuel Benavides,91
Chihuahua,Matachí,95
Chihuahua,Matamoros,103
Chihuahua,Meoqui,101
Chihuahua,Morelos,53
Chihuahua,Moris,82
Chihuahua,Namiquipa,102
Chihuahua,Nonoava,84
Chihuahua,Nuevo Casas Grandes,102
Chihuahua,Ocampo,83
Chihuahua,Ojinaga,100
Chihuahua,Praxedis G. Guerrero,87
Chihuahua,Riva Palacio,97
Chihuahua,Rosales,98
Chihuahua,Rosario,103
Chihuahua,San Francisco de Borja,91
Chihuahua,San Francisco de Conchos,99
Chihuahua,San Francisco del Oro,106
Chihuahua,Santa Bárbara,104
Chihuahua,Satevó,97
Chihuahua,Saucillo,102
Chihuahua,Temósachic,81
Chihuahua,El Tule,101
Chihuahua,Urique,56
Chihuahua,Uruachi,53
Chihuahua,Valle de Zaragoza,99
Ciudad de México,Azcapotzalco,119
Ciudad de México,Coyoacán,121
Ciudad de México,Cuajimalpa de Morelos,117
Ciudad de México,Gustavo A. Madero,116
Ciudad de México,Iztacalco,119
Ciudad de México,Iztapalapa,111
Ciudad de México,La Magdalena Contreras,114
Ciudad de México,Milpa Alta,96
Ciudad de México,Álvaro Obregón,117
Ciudad de México,Tláhuac,110
Ciudad de México,Tlalpan,117
Ciudad de México,Xochimilco,109
Ciudad de México,Benito Juárez,132
Ciudad de México,Cuauhtémoc,122
Ciudad de México,Miguel Hidalgo,125
Ciudad de México,Venustiano Carranza,119
Durango,Canatlán,100
Durango,Canelas,81
Durango,Coneto de Comonfort,94
Durango,Cuencamé,99
Durango,Durango,108
Durango,General Simón Bolívar,90
Durango,Gómez Palacio,102
Durango,Guadalupe Victoria,106
Durango,Guanaceví,85
Durango,Hidalgo,100
Durango,Indé,101
Durango,Lerdo,102
Durango,Mapimí,94
Durango,Mezquital,39
Durango,Nazas,97
Durango,Nombre de Dios,95
Durango,Ocampo,103
Durango,El Oro,109
Durango,Otáez,75
Durango,Pánuco de Coronado,101
Durango,Peñón Blanco,96
Durango,Poanas,99
Durango,Pueblo Nuevo,79
Durango,Rodeo,97
Durango,San Bernardo,97
Durango,San Dimas,80
Durango,San Juan de Guadalupe,94
Durango,San Juan del Río,100
Durango,San Luis del Cordero,101
Durango,San Pedro del Gallo,98
Durango,Santa Clara,98
Durango,Santiago Papasquiaro,100
Durango,Súchil,88
Durango,Tamazula,80
Durango,Tepehuanes,92
Durango,Tlahualilo,89
Durango,Topia,87
Durango,Vicente Guerrero,101
Durango,Nuevo Ideal,106
Guanajuato,Abasolo,95
Guanajuato,Acámbaro,102
Guanajuato,San Miguel de Allende,103
Guanajuato,Apaseo el Alto,96
Guanajuato,Apaseo el Grande,96
Guanajuato,Atarjea,74
Guanajuato,Celaya,110
Guanajuato,Manuel Doblado,97
Guanajuato,Comonfort,90
Guanajuato,Coroneo,94
Guanajuato,Cortazar,103
Guanajuato,Cuerámaro,96
Guanajuato,Doctor Mora,91
Guanajuato,Dolores Hidalgo Cuna de la Independencia Nacional,99
Guanajuato,Guanajuato,111
Guanajuato,Huanímaro,93
Guanajuato,Irapuato,108
Guanajuato,Jaral del Progreso,93
Guanajuato,Jerécuaro,87
Guanajuato,León,110
Guanajuato,Moroleón,113
Guanajuato,Ocampo,98
Guanajuato,Pénjamo,94
Guanajuato,Pueblo Nuevo,101
Guanajuato,Purísima del Rincón,100
Guanajuato,Romita,88
Guanajuato,Salamanca,106
Guanajuato,Salvatierra,100
Guanajuato,San Diego de la Unión,89
Guanajuato,San Felipe,87
Guanajuato,San Francisco del Rincón,104
Guanajuato,San José Iturbide,103
Guanajuato,San Luis de la Paz,97
Guanajuato,Santa Catarina,89
Guanajuato,Santa Cruz de Juventino Rosas,96
Guanajuato,Santiago Maravatío,101
Guanajuato,Silao,98
Guanajuato,Tarandacuao,101
Guanajuato,Tarimoro,95
Guanajuato,Tierra Blanca,75
Guanajuato,Uriangato,112
Guanajuato,Valle de Santiago,96
Guanajuato,Victoria,82
Guanajuato,Villagrán,103
Guanajuato,Xichú,86
Guanajuato,Yuriria,96
Guerrero,Acapulco de Juárez,91
Guerrero,Ahuacuotzingo,65
Guerrero,Ajuchitlán del Progreso,76
Guerrero,Alcozauca de Guerrero,61
Guerrero,Alpoyeca,83
Guerrero,Apaxtla,89
Guerrero,Arcelia,93
Guerrero,Atenango del Río,76
Guerrero,Atlamajalcingo del Monte,42
Guerrero,Atlixtac,51
Guerrero,Atoyac de Álvarez,82
Guerrero,Ayutla de los Libres,62
Guerrero,Azoyú,78
Guerrero,Benito Juárez,88
Guerrero,Buenavista de Cuéllar,92
Guerrero,Coahuayutla de José María Izazaga,77
Guerrero,Cocula,88
Guerrero,Copala,82
Guerrero,Copalillo,59
Guerrero,Copanatoyac,51
Guerrero,Coyuca de Benítez,78
Guerrero,Coyuca de Catalán,85
Guerrero,Cuajinicuilapa,82
Guerrero,Cualác,68
Guerrero,Cuautepec,70
Guerrero,Cuetzala del Progreso,74
Guerrero,Cutzamala de Pinzón,93
Guerrero,Chilapa de Álvarez,72
Guerrero,Chilpancingo de los Bravo,100
Guerrero,Florencio Villarreal,78
Guerrero,General Canuto A. Neri,75
Guerrero,General Heliodoro Castillo,64
Guerrero,Huamuxtitlán,86
Guerrero,Huitzuco de los Figueroa,85
Guerrero,Iguala de la Independencia,102
Guerrero,Igualapa,70
Guerrero,Ixcateopan de Cuauhtémoc,83
Guerrero,Zihuatanejo de Azueta,100
Guerrero,Juan R. Escudero,82
Guerrero,Leonardo Bravo,74
Guerrero,Malinaltepec,47
Guerrero,Mártir de Cuilapan,74
Guerrero,Metlatónoc,42
Guerrero,Mochitlán,83
Guerrero,Olinalá,72
Guerrero,Ometepec,76
Guerrero,Pedro Ascencio Alquisiras,64
Guerrero,Petatlán,91
Guerrero,Pilcaya,88
Guerrero,Pungarabato,97
Guerrero,Quechultenango,73
Guerrero,San Luis Acatlán,55
Guerrero,San Marcos,73
Guerrero,San Miguel Totolapan,65
Guerrero,Taxco de Alarcón,89
Guerrero,Tecoanapa,69
Guerrero,Técpan de Galeana,88
Guerrero,Teloloapan,86
Guerrero,Tepecoacuilco de Trujano,84
Guerrero,Tetipac,76
Guerrero,Tixtla de Guerrero,85
Guerrero,Tlacoachistlahuaca,62
Guerrero,Tlacoapa,43
Guerrero,Tlalchapa,94
Guerrero,Tlalixtaquilla de Maldonado,78
Guerrero,Tlapa de Comonfort,80
Guerrero,Tlapehuala,87
Guerrero,La Unión de Isidoro Montes de Oca,89
Guerrero,Xalpatláhuac,61
Guerrero,Xochihuehuetlán,84
Guerrero,Xochistlahuaca,58
Guerrero,Zapotitlán Tablas,48
Guerrero,Zirándaro,82
Guerrero,Zitlala,60
Guerrero,Eduardo Neri,90
Guerrero,Acatepec,41
Guerrero,Marquelia,79
Guerrero,Cochoapa el grande,35
Guerrero,José Joaquín de Herrera,50
Guerrero,Juchitán,77
Guerrero,Iliatenco,51
Hidalgo,Acatlán,93
Hidalgo,Acaxochitlán,70
Hidalgo,Actopan,99
Hidalgo,Agua Blanca de Iturbide,79
Hidalgo,Ajacuba,92
Hidalgo,Alfajayucan,83
Hidalgo,Almoloya,88
Hidalgo,Apan,99
Hidalgo,El Arenal,90
Hidalgo,Atitalaquia,101
Hidalgo,Atlapexco,68
Hidalgo,Atotonilco el Grande,90
Hidalgo,Atotonilco de Tula,99
Hidalgo,Calnali,72
Hidalgo,Cardonal,84
Hidalgo,Cuautepec de Hinojosa,92
Hidalgo,Chapantongo,79
Hidalgo,Chapulhuacán,85
Hidalgo,Chilcuautla,83
Hidalgo,Eloxochitlán,80
Hidalgo,Emiliano Zapata,99
Hidalgo,Epazoyucan,93
Hidalgo,Francisco I. Madero,96
Hidalgo,Huasca de Ocampo,93
Hidalgo,Huautla,63
Hidalgo,Huazalingo,63
Hidalgo,Huehuetla,60
Hidalgo,Huejutla de Reyes,84
Hidalgo,Huichapan,88
Hidalgo,Ixmiquilpan,92
Hidalgo,Jacala de Ledezma,94
Hidalgo,Jaltocán,75
Hidalgo,Juárez Hidalgo,75
Hidalgo,Lolotla,73
Hidalgo,Metepec,89
Hidalgo,San Agustín Metzquititlán,89
Hidalgo,Metztitlán,83
Hidalgo,Mineral del Chico,85
Hidalgo,Mineral del Monte,101
Hidalgo,La Misión,80
Hidalgo,Mixquiahuala de Juárez,97
Hidalgo,Molango de Escamilla,85
Hidalgo,Nicolás Flores,71
Hidalgo,Nopala de Villagrán,85
Hidalgo,Omitlán de Juárez,92
Hidalgo,San Felipe Orizatlán,76
Hidalgo,Pacula,84
Hidalgo,Pachuca de Soto,112
Hidalgo,Pisaflores,81
Hidalgo,Progreso de Obregón,100
Hidalgo,Mineral de la Reforma,110
Hidalgo,San Agustín Tlaxiaca,96
Hidalgo,San Bartolo Tutotepec,65
Hidalgo,San Salvador,86
Hidalgo,Santiago de Anaya,84
Hidalgo,Santiago Tulantepec de Lugo Guerrero,101
Hidalgo,Singuilucan,89
Hidalgo,Tasquillo,85
Hidalgo,Tecozautla,83
Hidalgo,Tenango de Doria,75
Hidalgo,Tepeapulco,103
Hidalgo,Tepehuacán de Guerrero,64
Hidalgo,Tepeji del Río de Ocampo,95
Hidalgo,Tepetitlán,83
Hidalgo,Tetepango,94
Hidalgo,Villa de Tezontepec,95
Hidalgo,Tezontepec de Aldama,86
Hidalgo,Tianguistengo,64
Hidalgo,Tizayuca,100
Hidalgo,Tlahuelilpan,94
Hidalgo,Tlahuiltepa,75
Hidalgo,Tlanalapa,104
Hidalgo,Tlanchinol,69
Hidalgo,Tlaxcoapan,93
Hidalgo,Tolcayuca,96
Hidalgo,Tula de Allende,101
Hidalgo,Tulancingo de Bravo,105
Hidalgo,Xochiatipan,52
Hidalgo,Xochicoatlán,72
Hidalgo,Yahualica,60
Hidalgo,Zacualtipán de Ángeles,91
Hidalgo,Zapotlán de Juárez,98
Hidalgo,Zempoala,105
Hidalgo,Zimapán,92
Jalisco,Acatic,117
Jalisco,Acatlán de Juárez,111
Jalisco,Ahualulco de Mercado,112
Jalisco,Amacueca,104
Jalisco,Amatitán,109
Jalisco,Ameca,114
Jalisco,San Juanito de Escobedo,105
Jalisco,Arandas,117
Jalisco,EL Arenal,112
Jalisco,Atemajac de Brizuela,93
Jalisco,Atengo,98
Jalisco,Atenguillo,105
Jalisco,Atotonilco el Alto,109
Jalisco,Atoyac,103
Jalisco,Autlán de Navarro,116
Jalisco,Ayotlán,106
Jalisco,Ayutla,103
Jalisco,La Barca,109
Jalisco,Bolaños,71
Jalisco,Cabo Corrientes,91
Jalisco,Casimiro Castillo,100
Jalisco,Cihuatlán,100
Jalisco,Zapotlán el Grande,116
Jalisco,Cocula,109
Jalisco,Colotlán,110
Jalisco,Concepción de Buenos Aires,109
Jalisco,Cuautitlán de García Barragán,77
Jalisco,Cuautla,104
Jalisco,Cuquío,104
Jalisco,Chapala,114
Jalisco,Chimaltitán,79
Jalisco,Chiquilistlán,93
Jalisco,Degollado,110
Jalisco,Ejutla,105
Jalisco,Encarnación de Díaz,107
Jalisco,Etzatlán,107
Jalisco,El Grullo,111
Jalisco,Guachinango,105
Jalisco,Guadalajara,117
Jalisco,Hostotipaquillo,96
Jalisco,Huejúcar,106
Jalisco,Huejuquilla el Alto,100
Jalisco,La Huerta,102
Jalisco,Ixtlahuacán de los Membrillos,96
Jalisco,Ixtlahuacán del Río,105
Jalisco,Jalostotitlán,111
Jalisco,Jamay,107
Jalisco,Jesús María,109
Jalisco,Jilotlán de los Dolores,101
Jalisco,Jocotepec,107
Jalisco,Juanacatlán,100
Jalisco,Juchitlán,109
Jalisco,Lagos de Moreno,108
Jalisco,El Limón,112
Jalisco,Magdalena,106
Jalisco,Santa María del Oro,94
Jalisco,La Manzanilla de la Paz,113
Jalisco,Mascota,114
Jalisco,Mazamitla,110
Jalisco,Mexticacán,102
Jalisco,Mezquitic,53
Jalisco,Mixtlán,108
Jalisco,Ocotlán,116
Jalisco,Ojuelos de Jalisco,99
Jalisco,Pihuamo,99
Jalisco,Poncitlán,100
Jalisco,Puerto Vallarta,106
Jalisco,Villa Purificación,97
Jalisco,Quitupan,104
Jalisco,El Salto,102
Jalisco,San Cristóbal de la Barranca,98
Jalisco,San Diego de Alejandría,105
Jalisco,San Juan de los Lagos,117
Jalisco,San Julián,115
Jalisco,San Marcos,105
Jalisco,San Martín de Bolaños,96
Jalisco,San Martín Hidalgo,110
Jalisco,San Miguel el Alto,113
Jalisco,Gómez Farías,103
Jalisco,San Sebastián del Oeste,98
Jalisco,Santa María de los Ángeles,105
Jalisco,Sayula,111
Jalisco,Tala,107
Jalisco,Talpa de Allende,102
Jalisco,Tamazula de Gordiano,110
Jalisco,Tapalpa,100
Jalisco,Tecalitlán,106
Jalisco,Tecolotlán,107
Jalisco,Techaluta de Montenegro,104
Jalisco,Tenamaxtlán,106
Jalisco,Teocaltiche,106
Jalisco,Teocuitatlán de Corona,101
Jalisco,Tepatitlán de Morelos,116
Jalisco,Tequila,111
Jalisco,Teuchitlán,113
Jalisco,Tizapán el Alto,104
Jalisco,Tlajomulco de Zúñiga,104
Jalisco,San Pedro Tlaquepaque,110
Jalisco,Tolimán,95
Jalisco,Tomatlán,96
Jalisco,Tonalá,111
Jalisco,Tonaya,112
Jalisco,Tonila,102
Jalisco,Totatiche,108
Jalisco,Tototlán,107
Jalisco,Tuxcacuesco,99
Jalisco,Tuxcueca,103
Jalisco,Tuxpan,106
Jalisco,Unión de San Antonio,103
Jalisco,Unión de Tula,111
Jalisco,Valle de Guadalupe,114
Jalisco,Valle de Juárez,112
Jalisco,San Gabriel,101
Jalisco,Villa Corona,102
Jalisco,Villa Guerrero,101
Jalisco,Villa Hidalgo,117
Jalisco,Cañadas de Obregón,107
Jalisco,Yahualica de González Gallo,109
Jalisco,Zacoalco de Torres,102
Jalisco,Zapopan,119
Jalisco,Zapotiltic,112
Jalisco,Zapotitlán de Vadillo,91
Jalisco,Zapotlán del Rey,101
Jalisco,Zapotlanejo,110
Jalisco,San Ignacio Cerro Gordo,112
México,Acambay,74
México,Acolman,98
México,Aculco,79
México,Almoloya de Alquisiras,89
México,Almoloya de Juárez,81
México,Almoloya del Río,95
México,Amanalco,71
México,Amatepec,89
México,Amecameca,94
México,Apaxco,96
México,Atenco,93
México,Atizapán,95
México,Atizapán de Zaragoza,117
México,Atlacomulco,88
México,Atlautla,82
México,Axapusco,92
México,Ayapango,94
México,Calimaya,104
México,Capulhuac,102
México,Coacalco de Berriozábal,116
México,Coatepec Harinas,90
México,Cocotitlán,95
México,Coyotepec,94
México,Cuautitlán,111
México,Chalco,97
México,Chapa de Mota,78
México,Chapultepec,100
México,Chiautla,98
México,Chicoloapan,104
México,Chiconcuac,100
México,Chimalhuacán,97
México,Donato Guerra,62
México,Ecatepec de Morelos,112
México,Ecatzingo,76
México,Huehuetoca,95
México,Hueypoxtla,86
México,Huixquilucan,116
México,Isidro Fabela,89
México,Ixtapaluca,104
México,Ixtapan de la Sal,97
México,Ixtapan del Oro,71
México,Ixtlahuaca,75
México,Xalatlaco,88
México,Jaltenco,100
México,Jilotepec,87
México,Jilotzingo,96
México,Jiquipilco,72
México,Jocotitlán,88
México,Joquicingo,83
México,Juchitepec,89
México,Lerma,102
México,Malinalco,83
México,Melchor Ocampo,103
México,Metepec,116
México,Mexicaltzingo,103
México,Morelos,68
México,Naucalpan de Juárez,111
México,Nezahualcóyotl,114
México,Nextlalpan,95
México,Nicolás Romero,101
México,Nopaltepec,96
México,Ocoyoacac,99
México,Ocuilan,81
México,El Oro,83
México,Otumba,91
México,Otzoloapan,91
México,Otzolotepec,87
México,Ozumba,91
México,Papalotla,104
México,La Paz,100
México,Polotitlán,93
México,Rayón,99
México,San Antonio la Isla,102
México,San Felipe del Progreso,65
México,San Martín de las Pirámides,96
México,San Mateo Atenco,102
México,San Simón de Guerrero,87
México,Santo Tomás,86
México,Soyaniquilpan de Juárez,88
México,Sultepec,79
México,Tecámac,104
México,Tejupilco,94
México,Temamatla,95
México,Temascalapa,90
México,Temascalcingo,82
México,Temascaltepec,71
México,Temoaya,76
México,Tenancingo,93
México,Tenango del Aire,100
México,Tenango del Valle,92
México,Teoloyucan,98
México,Teotihuacán,100
México,Tepetlaoxtoc,94
México,Tepetlixpa,91
México,Tepotzotlán,102
México,Tequixquiac,95
México,Texcaltitlán,82
México,Texcalyacac,95
México,Texcoco,103
México,Tezoyuca,94
México,Tianguistenco,90
México,Timilpan,88
México,Tlalmanalco,101
México,Tlalnepantla de Baz,112
México,Tlatlaya,84
México,Toluca,104
México,Tonatico,102
México,Tultepec,106
México,Tultitlán,111
México,Valle de Bravo,96
México,Villa de Allende,65
México,Villa del Carbón,74
México,Villa Guerrero,88
México,Villa Victoria,64
México,Xonacatlán,97
México,Zacazonapan,98
México,Zacualpan,76
México,Zinacantepec,96
México,Zumpahuacán,74
México,Zumpango,96
México,Cuautitlán Izcalli,118
México,Valle de Chalco Solidaridad,97
México,Luvianos,83
México,San José del Rincón,59
México,Tonanitla,101
Michoacán de Ocampo,Acuitzio,92
Michoacán de Ocampo,Aguililla,99
Michoacán de Ocampo,Álvaro Obregón,89
Michoacán de Ocampo,Angamacutiro,92
Michoacán de Ocampo,Angangueo,84
Michoacán de Ocampo,Apatzingán,101
Michoacán de Ocampo,Aporo,85
Michoacán de Ocampo,Aquila,75
Michoacán de Ocampo,Ario,99
Michoacán de Ocampo,Arteaga,99
Michoacán de Ocampo,Briseñas,103
Michoacán de Ocampo,Buenavista,104
Michoacán de Ocampo,Carácuaro,91
Michoacán de Ocampo,Coahuayana,100
Michoacán de Ocampo,Coalcomán de Vázquez Pallares,105
Michoacán de Ocampo,Coeneo,94
Michoacán de Ocampo,Contepec,83
Michoacán de Ocampo,Copándaro,90
Michoacán de Ocampo,Cotija,111
Michoacán de Ocampo,Cuitzeo,91
Michoacán de Ocampo,Charapan,70
Michoacán de Ocampo,Charo,95
Michoacán de Ocampo,Chavinda,110
Michoacán de Ocampo,Cherán,90
Michoacán de Ocampo,Chilchota,82
Michoacán de Ocampo,Chinicuila,101
Michoacán de Ocampo,Chucándiro,89
Michoacán de Ocampo,Churintzio,106
Michoacán de Ocampo,Churumuco,89
Michoacán de Ocampo,Ecuandureo,98
Michoacán de Ocampo,Epitacio Huerta,85
Michoacán de Ocampo,Erongarícuaro,82
Michoacán de Ocampo,Gabriel Zamora,101
Michoacán de Ocampo,Hidalgo,97
Michoacán de Ocampo,La Huacana,91
Michoacán de Ocampo,Huandacareo,102
Michoacán de Ocampo,Huaniqueo,94
Michoacán de Ocampo,Huetamo,95
Michoacán de Ocampo,Huiramba,86
Michoacán de Ocampo,Indaparapeo,89
Michoacán de Ocampo,Irimbo,92
Michoacán de Ocampo,Ixtlán,101
Michoacán de Ocampo,Jacona,104
Michoacán de Ocampo,Jiménez,97
Michoacán de Ocampo,Jiquilpan,111
Michoacán de Ocampo,Juárez,97
Michoacán de Ocampo,Jungapeo,93
Michoacán de Ocampo,Lagunillas,88
Michoacán de Ocampo,Madero,91
Michoacán de Ocampo,Maravatío,91
Michoacán de Ocampo,Marcos Castellanos,114
Michoacán de Ocampo,Lázaro Cárdenas,103
Michoacán de Ocampo,Morelia,115
Michoacán de Ocampo,Morelos,98
Michoacán de Ocampo,Múgica,97
Michoacán de Ocampo,Nahuatzen,69
Michoacán de Ocampo,Nocupétaro,90
Michoacán de Ocampo,Nuevo Parangaricutiro,102
Michoacán de Ocampo,Nuevo Urecho,91
Michoacán de Ocampo,Numarán,98
Michoacán de Ocampo,Ocampo,72
Michoacán de Ocampo,Pajacuarán,98
Michoacán de Ocampo,Panindícuaro,90
Michoacán de Ocampo,Parácuaro,95
Michoacán de Ocampo,Paracho,89
Michoacán de Ocampo,Pátzcuaro,97
Michoacán de Ocampo,Penjamillo,93
Michoacán de Ocampo,Peribán,112
Michoacán de Ocampo,La Piedad,112
Michoacán de Ocampo,Purépero,107
Michoacán de Ocampo,Puruándiro,103
Michoacán de Ocampo,Queréndaro,94
Michoacán de Ocampo,Quiroga,96
Michoacán de Ocampo,Cojumatlán de Régules,106
Michoacán de Ocampo,Los Reyes,102
Michoacán de Ocampo,Sahuayo,115
Michoacán de Ocampo,San Lucas,95
Michoacán de Ocampo,Santa Ana Maya,96
Michoacán de Ocampo,Salvador Escalante,89
Michoacán de Ocampo,Senguio,82
Michoacán de Ocampo,Susupuato,76
Michoacán de Ocampo,Tacámbaro,98
Michoacán de Ocampo,Tancítaro,99
Michoacán de Ocampo,Tangamandapio,98
Michoacán de Ocampo,Tangancícuaro,100
Michoacán de Ocampo,Tanhuato,108
Michoacán de Ocampo,Taretan,104
Michoacán de Ocampo,Tarímbaro,104
Michoacán de Ocampo,Tepalcatepec,105
Michoacán de Ocampo,Tingambato,88
Michoacán de Ocampo,Tingüindín,108
Michoacán de Ocampo,Tiquicheo de Nicolás Romero,82
Michoacán de Ocampo,Tlalpujahua,83
Michoacán de Ocampo,Tlazazalca,100
Michoacán de Ocampo,Tocumbo,107
Michoacán de Ocampo,Tumbiscatío,93
Michoacán de Ocampo,Turicato,90
Michoacán de Ocampo,Tuxpan,94
Michoacán de Ocampo,Tuzantla,92
Michoacán de Ocampo,Tzintzuntzan,83
Michoacán de Ocampo,Tzitzio,80
Michoacán de Ocampo,Uruapan,106
Michoacán de Ocampo,Venustiano Carranza,105
Michoacán de Ocampo,Villamar,99
Michoacán de Ocampo,Vista Hermosa,103
Michoacán de Ocampo,Yurécuaro,105
Michoacán de Ocampo,Zacapu,104
Michoacán de Ocampo,Zamora,108
Michoacán de Ocampo,Zináparo,109
Michoacán de Ocampo,Zinapécuaro,95
Michoacán de Ocampo,Ziracuaretiro,98
Michoacán de Ocampo,Zitácuaro,92
Michoacán de Ocampo,José Sixto Verduzco,93
Morelos,Amacuzac,92
Morelos,Atlatlahucan,100
Morelos,Axochiapan,86
Morelos,Ayala,91
Morelos,Coatlán del Río,86
Morelos,Cuautla,105
Morelos,Cuernavaca,116
Morelos,Emiliano Zapata,106
Morelos,Huitzilac,98
Morelos,Jantetelco,89
Morelos,Jiutepec,111
Morelos,Jojutla,101
Morelos,Jonacatepec,92
Morelos,Mazatepec,96
Morelos,Miacatlán,98
Morelos,Ocuituco,84
Morelos,Puente de Ixtla,99
Morelos,Temixco,101
Morelos,Tepalcingo,89
Morelos,Tepoztlán,102
Morelos,Tetecala,96
Morelos,Tetela del Volcán,82
Morelos,Tlalnepantla,87
Morelos,Tlaltizapán de Zapata,97
Morelos,Tlaquiltenango,96
Morelos,Tlayacapan,98
Morelos,Totolapan,90
Morelos,Xochitepec,97
Morelos,Yautepec,101
Morelos,Yecapixtla,92
Morelos,Zacatepec,108
Morelos,Zacualpan,88
Morelos,Temoac,83
Morelos,Coatetelco,77
Morelos,Xoxocotla,81
Morelos,Hueyapan,70
Nayarit,Acaponeta,94
Nayarit,Ahuacatlán,102
Nayarit,Amatlán de Cañas,105
Nayarit,Compostela,102
Nayarit,Huajicori,59
Nayarit,Ixtlán del Río,110
Nayarit,Jala,88
Nayarit,Xalisco,114
Nayarit,Del Nayar,37
Nayarit,Rosamorada,86
Nayarit,Ruíz,85
Nayarit,San Blas,94
Nayarit,San Pedro Lagunillas,101
Nayarit,Santa María del Oro,95
Nayarit,Santiago Ixcuintla,92
Nayarit,Tecuala,91
Nayarit,Tepic,112
Nayarit,Tuxpan,97
Nayarit,La Yesca,69
Nayarit,Bahía de Banderas,102
Nuevo León,Abasolo,94
Nuevo León,Agualeguas,98
Nuevo León,Los Aldamas,93
Nuevo León,Allende,108
Nuevo León,Anáhuac,98
Nuevo León,Apodaca,108
Nuevo León,Aramberri,85
Nuevo León,Bustamante,96
Nuevo León,Cadereyta Jiménez,99
Nuevo León,El Carmen,92
Nuevo León,Cerralvo,96
Nuevo León,Ciénega de Flores,93
Nuevo León,China,92
Nuevo León,Doctor Arroyo,82
Nuevo León,Doctor Coss,87
Nuevo León,Doctor González,92
Nuevo León,Galeana,89
Nuevo León,García,100
Nuevo León,San Pedro Garza García,117
Nuevo León,General Bravo,96
Nuevo León,General Escobedo,103
Nuevo León,General Terán,95
Nuevo León,General Treviño,96
Nuevo León,General Zaragoza,76
Nuevo León,General Zuazua,96
Nuevo León,Guadalupe,108
Nuevo León,Los Herreras,92
Nuevo León,Higueras,93
Nuevo León,Hualahuises,99
Nuevo León,Iturbide,85
Nuevo León,Juárez,98
Nuevo León,Lampazos de Naranjo,95
Nuevo León,Linares,101
Nuevo León,Marín,95
Nuevo León,Melchor Ocampo,97
Nuevo León,Mier y Noriega,75
Nuevo León,Mina,91
Nuevo León,Montemorelos,101
Nuevo León,Monterrey,106
Nuevo León,Parás,99
Nuevo León,Pesquería,90
Nuevo León,Los Ramones,93
Nuevo León,Rayones,84
Nuevo León,Sabinas Hidalgo,104
Nuevo León,Salinas Victoria,90
Nuevo León,San Nicolás de los Garza,110
Nuevo León,Hidalgo,100
Nuevo León,Santa Catarina,107
Nuevo León,Santiago,107
Nuevo León,Vallecillo,96
Nuevo León,Villaldama,93
Oaxaca,Abejones,59
Oaxaca,Acatlán de Pérez Figueroa,80
Oaxaca,Asunción Cacalotepec,45
Oaxaca,Asunción Cuyotepeji,77
Oaxaca,Asunción Ixtaltepec,84
Oaxaca,Asunción Nochixtlán,85
Oaxaca,Asunción Ocotlán,64
Oaxaca,Asunción Tlacolulita,69
Oaxaca,Ayotzintepec,69
Oaxaca,El Barrio de la Soledad,98
Oaxaca,Calihualá,68
Oaxaca,Candelaria Loxicha,62
Oaxaca,Ciénega de Zimatlán,94
Oaxaca,Ciudad Ixtepec,91
Oaxaca,Coatecas Altas,63
Oaxaca,Coicoyán de las Flores,40
Oaxaca,La Compañía,60
Oaxaca,Concepción Buenavista,74
Oaxaca,Concepción Pápalo,66
Oaxaca,Constancia del Rosario,69
Oaxaca,Cosolapa,88
Oaxaca,Cosoltepec,68
Oaxaca,Cuilápam de Guerrero,83
Oaxaca,Cuyamecalco Villa de Zaragoza,57
Oaxaca,Chahuites,85
Oaxaca,Chalcatongo de Hidalgo,70
Oaxaca,Chiquihuitlán de Benito Juárez,58
Oaxaca,Heroica Ciudad de Ejutla de Crespo,80
Oaxaca,Eloxochitlán de Flores Magón,48
Oaxaca,El Espinal,105
Oaxaca,Tamazulápam del Espíritu Santo,67
Oaxaca,Fresnillo de Trujano,77
Oaxaca,Guadalupe Etla,96
Oaxaca,Guadalupe de Ramírez,85
Oaxaca,Guelatao de Juárez,99
Oaxaca,Guevea de Humboldt,62
Oaxaca,Mesones Hidalgo,68
Oaxaca,Villa Hidalgo,76
Oaxaca,Heroica Ciudad de Huajuapan de León,100
Oaxaca,Huautepec,42
Oaxaca,Huautla de Jiménez,62
Oaxaca,Ixtlán de Juárez,82
Oaxaca,Heroica Ciudad de Juchitán de Zaragoza,88
Oaxaca,Loma Bonita,85
Oaxaca,Magdalena Apasco,97
Oaxaca,Magdalena Jaltepec,70
Oaxaca,Santa Magdalena Jicotlán,87
Oaxaca,Magdalena Mixtepec,48
Oaxaca,Magdalena Ocotlán,71
Oaxaca,Magdalena Peñasco,50
Oaxaca,Magdalena Teitipac,65
Oaxaca,Magdalena Tequisistlán,79
Oaxaca,Magdalena Tlacotepec,86
Oaxaca,Magdalena Zahuatlán,68
Oaxaca,Mariscala de Juárez,79
Oaxaca,Mártires de Tacubaya,76
Oaxaca,Matías Romero Avendaño,85
Oaxaca,Mazatlán Villa de Flores,51
Oaxaca,Miahuatlán de Porfirio Díaz,82
Oaxaca,Mixistlán de la Reforma,50
Oaxaca,Monjas,68
Oaxaca,Natividad,90
Oaxaca,Nazareno Etla,95
Oaxaca,Nejapa de Madero,76
Oaxaca,Ixpantepec Nieves,71
Oaxaca,Santiago Niltepec,76
Oaxaca,Oaxaca de Juárez,108
Oaxaca,Ocotlán de Morelos,86
Oaxaca,La Pe,54
Oaxaca,Pinotepa de Don Luis,72
Oaxaca,Pluma Hidalgo,62
Oaxaca,San José del Progreso,66
Oaxaca,Putla Villa de Guerrero,76
Oaxaca,Santa Catarina Quioquitani,60
Oaxaca,Reforma de Pineda,81
Oaxaca,La Reforma,82
Oaxaca,Reyes Etla,87
Oaxaca,Rojas de Cuauhtémoc,96
Oaxaca,Salina Cruz,100
Oaxaca,San Agustín Amatengo,69
Oaxaca,San Agustín Atenango,74
Oaxaca,San Agustín Chayuco,71
Oaxaca,San Agustín de las Juntas,99
Oaxaca,San Agustín Etla,109
Oaxaca,San Agustín Loxicha,50
Oaxaca,San Agustín Tlacotepec,54
Oaxaca,San Agustín Yatareni,89
Oaxaca,San Andrés Cabecera Nueva,56
Oaxaca,San Andrés Dinicuiti,71
Oaxaca,San Andrés Huaxpaltepec,75
Oaxaca,San Andrés Huayápam,117
Oaxaca,San Andrés Ixtlahuaca,76
Oaxaca,San Andrés Lagunas,57
Oaxaca,San Andrés Nuxiño,50
Oaxaca,San Andrés Paxtlán,48
Oaxaca,San Andrés Sinaxtla,88
Oaxaca,San Andrés Solaga,69
Oaxaca,San Andrés Teotilálpam,53
Oaxaca,San Andrés Tepetlapa,62
Oaxaca,San Andrés Yaá,69
Oaxaca,San Andrés Zabache,71
Oaxaca,San Andrés Zautla,82
Oaxaca,San Antonino Castillo Velasco,85
Oaxaca,San Antonino el Alto,53
Oaxaca,San Antonino Monte Verde,64
Oaxaca,San Antonio Acutla,66
Oaxaca,San Antonio de la Cal,97
Oaxaca,San Antonio Huitepec,62
Oaxaca,San Antonio Nanahuatípam,87
Oaxaca,San Antonio Sinicahua,44
Oaxaca,San Antonio Tepetlapa,61
Oaxaca,San Baltazar Chichicápam,70
Oaxaca,San Baltazar Loxicha,75
Oaxaca,San Baltazar Yatzachi el Bajo,76
Oaxaca,San Bartolo Coyotepec,101
Oaxaca,San Bartolomé Ayautla,49
Oaxaca,San Bartolomé Loxicha,58
Oaxaca,San Bartolomé Quialana,80
Oaxaca,San Bartolomé Yucuañe,60
Oaxaca,San Bartolomé Zoogocho,79
Oaxaca,San Bartolo Soyaltepec,69
Oaxaca,San Bartolo Yautepec,64
Oaxaca,San Bernardo Mixtepec,68
Oaxaca,San Blas Atempa,75
Oaxaca,San Carlos Yautepec,56
Oaxaca,San Cristóbal Amatlán,44
Oaxaca,San Cristóbal Amoltepec,45
Oaxaca,San Cristóbal Lachirioag,81
Oaxaca,San Cristóbal Suchixtlahuaca,87
Oaxaca,San Dionisio del Mar,60
Oaxaca,San Dionisio Ocotepec,67
Oaxaca,San Dionisio Ocotlán,81
Oaxaca,San Esteban Atatlahuca,50
Oaxaca,San Felipe Jalapa de Díaz,56
Oaxaca,San Felipe Tejalápam,71
Oaxaca,San Felipe Usila,56
Oaxaca,San Francisco Cahuacuá,47
Oaxaca,San Francisco Cajonos,79
Oaxaca,San Francisco Chapulapa,51
Oaxaca,San Francisco Chindúa,61
Oaxaca,San Francisco del Mar,67
Oaxaca,San Francisco Huehuetlán,57
Oaxaca,San Francisco Ixhuatán,79
Oaxaca,San Francisco Jaltepetongo,61
Oaxaca,San Francisco Lachigoló,98
Oaxaca,San Francisco Logueche,52
Oaxaca,San Francisco Nuxaño,62
Oaxaca,San Francisco Ozolotepec,49
Oaxaca,San Francisco Sola,72
Oaxaca,San Francisco Telixtlahuaca,83
Oaxaca,San Francisco Teopan,68
Oaxaca,San Francisco Tlapancingo,62
Oaxaca,San Gabriel Mixtepec,74
Oaxaca,San Ildefonso Amatlán,56
Oaxaca,San Ildefonso Sola,56
Oaxaca,San Ildefonso Villa Alta,73
Oaxaca,San Jacinto Amilpas,114
Oaxaca,San Jacinto Tlacotepec,79
Oaxaca,San Jerónimo Coatlán,57
Oaxaca,San Jerónimo Silacayoapilla,75
Oaxaca,San Jerónimo Sosola,70
Oaxaca,San Jerónimo Taviche,55
Oaxaca,San Jerónimo Tecóatl,56
Oaxaca,San Jorge Nuchita,71
Oaxaca,San José Ayuquila,65
Oaxaca,San José Chiltepec,75
Oaxaca,San José del Peñasco,58
Oaxaca,San José Estancia Grande,80
Oaxaca,San José Independencia,47
Oaxaca,San José Lachiguiri,47
Oaxaca,San José Tenango,46
Oaxaca,San Juan Achiutla,74
Oaxaca,San Juan Atepec,67
Oaxaca,Ánimas Trujano,101
Oaxaca,San Juan Bautista Atatlahuca,64
Oaxaca,San Juan Bautista Coixtlahuaca,72
Oaxaca,San Juan Bautista Cuicatlán,73
Oaxaca,San Juan Bautista Guelache,96
Oaxaca,San Juan Bautista Jayacatlán,71
Oaxaca,San Juan Bautista Lo de Soto,89
Oaxaca,San Juan Bautista Suchitepec,64
Oaxaca,San Juan Bautista Tlacoatzintepec,49
Oaxaca,San Juan Bautista Tlachichilco,72
Oaxaca,San Juan Bautista Tuxtepec,92
Oaxaca,San Juan Cacahuatepec,82
Oaxaca,San Juan Cieneguilla,76
Oaxaca,San Juan Coatzóspam,49
Oaxaca,San Juan Colorado,65
Oaxaca,San Juan Comaltepec,47
Oaxaca,San Juan Cotzocón,73
Oaxaca,San Juan Chicomezúchil,77
Oaxaca,San Juan Chilateca,95
Oaxaca,San Juan del Estado,85
Oaxaca,San Juan del Río,85
Oaxaca,San Juan Diuxi,52
Oaxaca,San Juan Evangelista Analco,81
Oaxaca,San Juan Guelavía,69
Oaxaca,San Juan Guichicovi,63
Oaxaca,San Juan Ihualtepec,68
Oaxaca,San Juan Juquila Mixes,54
Oaxaca,San Juan Juquila Vijanos,58
Oaxaca,San Juan Lachao,68
Oaxaca,San Juan Lachigalla,64
Oaxaca,San Juan Lajarcia,73
Oaxaca,San Juan Lalana,54
Oaxaca,San Juan de los Cués,68
Oaxaca,San Juan Mazatlán,63
Oaxaca,San Juan Mixtepec -Dto. 08 -,58
Oaxaca,San Juan Mixtepec -Dto. 26 -,49
Oaxaca,San Juan Ñumí,46
Oaxaca,San Juan Ozolotepec,48
Oaxaca,San Juan Petlapa,38
Oaxaca,San Juan Quiahije,75
Oaxaca,San Juan Quiotepec,80
Oaxaca,San Juan Sayultepec,75
Oaxaca,San Juan Tabaá,68
Oaxaca,San Juan Tamazola,47
Oaxaca,San Juan Teita,43
Oaxaca,San Juan Teitipac,79
Oaxaca,San Juan Tepeuxila,56
Oaxaca,San Juan Teposcolula,69
Oaxaca,San Juan Yaeé,58
Oaxaca,San Juan Yatzona,70
Oaxaca,San Juan Yucuita,80
Oaxaca,San Lorenzo,57
Oaxaca,San Lorenzo Albarradas,70
Oaxaca,San Lorenzo Cacaotepec,100
Oaxaca,San Lorenzo Cuaunecuiltitla,52
Oaxaca,San Lorenzo Texmelúcan,44
Oaxaca,San Lorenzo Victoria,78
Oaxaca,San Lucas Camotlán,44
Oaxaca,San Lucas Ojitlán,56
Oaxaca,San Lucas Quiaviní,73
Oaxaca,San Lucas Zoquiápam,48
Oaxaca,San Luis Amatlán,65
Oaxaca,San Marcial Ozolotepec,39
Oaxaca,San Marcos Arteaga,88
Oaxaca,San Martín de los Cansecos,69
Oaxaca,San Martín Huamelúlpam,63
Oaxaca,San Martín Itunyoso,42
Oaxaca,San Martín Lachilá,70
Oaxaca,San Martín Peras,58
Oaxaca,San Martín Tilcajete,86
Oaxaca,San Martín Toxpalan,70
Oaxaca,San Martín Zacatepec,78
Oaxaca,San Mateo Cajonos,67
Oaxaca,Capulálpam de Méndez,99
Oaxaca,San Mateo del Mar,45
Oaxaca,San Mateo Yoloxochitlán,57
Oaxaca,San Mateo Etlatongo,68
Oaxaca,San Mateo Nejápam,61
Oaxaca,San Mateo Peñasco,44
Oaxaca,San Mateo Piñas,46
Oaxaca,San Mateo Río Hondo,61
Oaxaca,San Mateo Sindihui,62
Oaxaca,San Mateo Tlapiltepec,79
Oaxaca,San Melchor Betaza,60
Oaxaca,San Miguel Achiutla,57
Oaxaca,San Miguel Ahuehuetitlán,62
Oaxaca,San Miguel Aloápam,75
Oaxaca,San Miguel Amatitlán,69
Oaxaca,San Miguel Amatlán,79
Oaxaca,San Miguel Coatlán,58
Oaxaca,San Miguel Chicahua,53
Oaxaca,San Miguel Chimalapa,57
Oaxaca,San Miguel del Puerto,64
Oaxaca,San Miguel del Río,70
Oaxaca,San Miguel Ejutla,86
Oaxaca,San Miguel el Grande,61
Oaxaca,San Miguel Huautla,44
Oaxaca,San Miguel Mixtepec,43
Oaxaca,San Miguel Panixtlahuaca,77
Oaxaca,San Miguel Peras,51
Oaxaca,San Miguel Piedras,46
Oaxaca,San Miguel Quetzaltepec,55
Oaxaca,San Miguel Santa Flor,52
Oaxaca,Villa Sola de Vega,66
Oaxaca,San Miguel Soyaltepec,64
Oaxaca,San Miguel Suchixtepec,63
Oaxaca,Villa Talea de Castro,78
Oaxaca,San Miguel Tecomatlán,87
Oaxaca,San Miguel Tenango,67
Oaxaca,San Miguel Tequixtepec,76
Oaxaca,San Miguel Tilquiápam,60
Oaxaca,San Miguel Tlacamama,73
Oaxaca,San Miguel Tlacotepec,73
Oaxaca,San Miguel Tulancingo,83
Oaxaca,San Miguel Yotao,48
Oaxaca,San Nicolás,64
Oaxaca,San Nicolás Hidalgo,83
Oaxaca,San Pablo Coatlán,60
Oaxaca,San Pablo Cuatro Venados,51
Oaxaca,San Pablo Etla,107
Oaxaca,San Pablo Huitzo,89
Oaxaca,San Pablo Huixtepec,92
Oaxaca,San Pablo Macuiltianguis,80
Oaxaca,San Pablo Tijaltepec,42
Oaxaca,San Pablo Villa de Mitla,81
Oaxaca,San Pablo Yaganiza,72
Oaxaca,San Pedro Amuzgos,67
Oaxaca,San Pedro Apóstol,83
Oaxaca,San Pedro Atoyac,65
Oaxaca,San Pedro Cajonos,68
Oaxaca,San Pedro Coxcaltepec Cántaros,54
Oaxaca,San Pedro Comitancillo,91
Oaxaca,San Pedro el Alto,57
Oaxaca,San Pedro Huamelula,65
Oaxaca,San Pedro Huilotepec,82
Oaxaca,San Pedro Ixcatlán,53
Oaxaca,San Pedro Ixtlahuaca,77
Oaxaca,San Pedro Jaltepetongo,67
Oaxaca,San Pedro Jicayán,64
Oaxaca,San Pedro Jocotipac,50
Oaxaca,San Pedro Juchatengo,78
Oaxaca,San Pedro Mártir,55
Oaxaca,San Pedro Mártir Quiechapa,57
Oaxaca,San Pedro Mártir Yucuxaco,61
Oaxaca,San Pedro Mixtepec -Dto. 22 -,93
Oaxaca,San Pedro Mixtepec -Dto. 26 -,46
Oaxaca,San Pedro Molinos,58
Oaxaca,San Pedro Nopala,62
Oaxaca,San Pedro Ocopetatillo,47
Oaxaca,San Pedro Ocotepec,52
Oaxaca,San Pedro Pochutla,82
Oaxaca,San Pedro Quiatoni,65
Oaxaca,San Pedro Sochiápam,54
Oaxaca,San Pedro Tapanatepec,80
Oaxaca,San Pedro Taviche,57
Oaxaca,San Pedro Teozacoalco,56
Oaxaca,San Pedro Teutila,61
Oaxaca,San Pedro Tidaá,58
Oaxaca,San Pedro Topiltepec,73
Oaxaca,San Pedro Totolápam,88
Oaxaca,Villa de Tututepec de Melchor Ocampo,77
Oaxaca,San Pedro Yaneri,55
Oaxaca,San Pedro Yólox,89
Oaxaca,San Pedro y San Pablo Ayutla,64
Oaxaca,Villa de Etla,102
Oaxaca,San Pedro y San Pablo Teposcolula,83
Oaxaca,San Pedro y San Pablo Tequixtepec,70
Oaxaca,San Pedro Yucunama,82
Oaxaca,San Raymundo Jalpan,94
Oaxaca,San Sebastián Abasolo,74
Oaxaca,San Sebastián Coatlán,59
Oaxaca,San Sebastián Ixcapa,80
Oaxaca,San Sebastián Nicananduta,67
Oaxaca,San Sebastián Río Hondo,52
Oaxaca,San Sebastián Tecomaxtlahuaca,68
Oaxaca,San Sebastián Teitipac,81
Oaxaca,San Sebastián Tutla,117
Oaxaca,San Simón Almolongas,66
Oaxaca,San Simón Zahuatlán,57
Oaxaca,Santa Ana,70
Oaxaca,Santa Ana Ateixtlahuaca,46
Oaxaca,Santa Ana Cuauhtémoc,50
Oaxaca,Santa Ana del Valle,74
Oaxaca,Santa Ana Tavela,53
Oaxaca,Santa Ana Tlapacoyan,75
Oaxaca,Santa Ana Yareni,53
Oaxaca,Santa Ana Zegache,67
Oaxaca,Santa Catalina Quierí,46
Oaxaca,Santa Catarina Cuixtla,80
Oaxaca,Santa Catarina Ixtepeji,74
Oaxaca,Santa Catarina Juquila,74
Oaxaca,Santa Catarina Lachatao,71
Oaxaca,Santa Catarina Loxicha,64
Oaxaca,Santa Catarina Mechoacán,62
Oaxaca,Santa Catarina Minas,77
Oaxaca,Santa Catarina Quiané,84
Oaxaca,Santa Catarina Tayata,69
Oaxaca,Santa Catarina Ticuá,52
Oaxaca,Santa Catarina Yosonotú,46
Oaxaca,Santa Catarina Zapoquila,60
Oaxaca,Santa Cruz Acatepec,48
Oaxaca,Santa Cruz Amilpas,100
Oaxaca,Santa Cruz de Bravo,80
Oaxaca,Santa Cruz Itundujia,54
Oaxaca,Santa Cruz Mixtepec,72
Oaxaca,Santa Cruz Nundaco,51
Oaxaca,Santa Cruz Papalutla,70
Oaxaca,Santa Cruz Tacache de Mina,82
Oaxaca,Santa Cruz Tacahua,51
Oaxaca,Santa Cruz Tayata,57
Oaxaca,Santa Cruz Xitla,68
Oaxaca,Santa Cruz Xoxocotlán,102
Oaxaca,Santa Cruz Zenzontepec,49
Oaxaca,Santa Gertrudis,87
Oaxaca,Santa Inés del Monte,58
Oaxaca,Santa Inés Yatzeche,73
Oaxaca,Santa Lucía del Camino,107
Oaxaca,Santa Lucía Miahuatlán,45
Oaxaca,Santa Lucía Monteverde,41
Oaxaca,Santa Lucía Ocotlán,69
Oaxaca,Santa María Alotepec,58
Oaxaca,Santa María Apazco,49
Oaxaca,Santa María la Asunción,46
Oaxaca,Heroica Ciudad de Tlaxiaco,80
Oaxaca,Ayoquezco de Aldama,75
Oaxaca,Santa María Atzompa,97
Oaxaca,Santa María Camotlán,75
Oaxaca,Santa María Colotepec,84
Oaxaca,Santa María Cortijo,83
Oaxaca,Santa María Coyotepec,85
Oaxaca,Santa María Chachoápam,81
Oaxaca,Villa de Chilapa de Díaz,86
Oaxaca,Santa María Chilchotla,45
Oaxaca,Santa María Chimalapa,50
Oaxaca,Santa María del Rosario,57
Oaxaca,Santa María del Tule,112
Oaxaca,Santa María Ecatepec,65
Oaxaca,Santa María Guelacé,79
Oaxaca,Santa María Guienagati,62
Oaxaca,Santa María Huatulco,95
Oaxaca,Santa María Huazolotitlán,81
Oaxaca,Santa María Ipalapa,80
Oaxaca,Santa María Ixcatlán,54
Oaxaca,Santa María Jacatepec,74
Oaxaca,Santa María Jalapa del Marqués,89
Oaxaca,Santa María Jaltianguis,87
Oaxaca,Santa María Lachixío,48
Oaxaca,Santa María Mixtequilla,91
Oaxaca,Santa María Nativitas,67
Oaxaca,Santa María Nduayaco,64
Oaxaca,Santa María Ozolotepec,46
Oaxaca,Santa María Pápalo,47
Oaxaca,Santa María Peñoles,43
Oaxaca,Santa María Petapa,69
Oaxaca,Santa María Quiegolani,53
Oaxaca,Santa María Sola,64
Oaxaca,Santa María Tataltepec,61
Oaxaca,Santa María Tecomavaca,81
Oaxaca,Santa María Temaxcalapa,72
Oaxaca,Santa María Temaxcaltepec,51
Oaxaca,Santa María Teopoxco,52
Oaxaca,Santa María Tepantlali,50
Oaxaca,Santa María Texcatitlán,42
Oaxaca,Santa María Tlahuitoltepec,52
Oaxaca,Santa María Tlalixtac,58
Oaxaca,Santa María Tonameca,71
Oaxaca,Santa María Totolapilla,70
Oaxaca,Santa María Xadani,65
Oaxaca,Santa María Yalina,69
Oaxaca,Santa María Yavesía,90
Oaxaca,Santa María Yolotepec,60
Oaxaca,Santa María Yosoyúa,51
Oaxaca,Santa María Yucuhiti,52
Oaxaca,Santa María Zacatepec,79
Oaxaca,Santa María Zaniza,44
Oaxaca,Santa María Zoquitlán,80
Oaxaca,Santiago Amoltepec,37
Oaxaca,Santiago Apoala,45
Oaxaca,Santiago Apóstol,69
Oaxaca,Santiago Astata,69
Oaxaca,Santiago Atitlán,48
Oaxaca,Santiago Ayuquililla,63
Oaxaca,Santiago Cacaloxtepec,74
Oaxaca,Santiago Camotlán,54
Oaxaca,Santiago Comaltepec,80
Oaxaca,Santiago Chazumba,77
Oaxaca,Santiago Choápam,52
Oaxaca,Santiago del Río,68
Oaxaca,Santiago Huajolotitlán,77
Oaxaca,Santiago Huauclilla,59
Oaxaca,Santiago Ihuitlán Plumas,68
Oaxaca,Santiago Ixcuintepec,61
Oaxaca,Santiago Ixtayutla,47
Oaxaca,Santiago Jamiltepec,81
Oaxaca,Santiago Jocotepec,53
Oaxaca,Santiago Juxtlahuaca,65
Oaxaca,Santiago Lachiguiri,56
Oaxaca,Santiago Lalopa,63
Oaxaca,Santiago Laollaga,80
Oaxaca,Santiago Laxopa,61
Oaxaca,Santiago Llano Grande,82
Oaxaca,Santiago Matatlán,77
Oaxaca,Santiago Miltepec,72
Oaxaca,Santiago Minas,88
Oaxaca,Santiago Nacaltepec,65
Oaxaca,Santiago Nejapilla,48
Oaxaca,Santiago Nundiche,37
Oaxaca,Santiago Nuyoó,48
Oaxaca,Santiago Pinotepa Nacional,84
Oaxaca,Santiago Suchilquitongo,75
Oaxaca,Santiago Tamazola,80
Oaxaca,Santiago Tapextla,72
Oaxaca,Villa Tejúpam de la Unión,76
Oaxaca,Santiago Tenango,65
Oaxaca,Santiago Tepetlapa,76
Oaxaca,Santiago Tetepec,71
Oaxaca,Santiago Texcalcingo,49
Oaxaca,Santiago Textitlán,49
Oaxaca,Santiago Tilantongo,52
Oaxaca,Santiago Tillo,82
Oaxaca,Santiago Tlazoyaltepec,50
Oaxaca,Santiago Xanica,43
Oaxaca,Santiago Xiacuí,87
Oaxaca,Santiago Yaitepec,54
Oaxaca,Santiago Yaveo,67
Oaxaca,Santiago Yolomécatl,90
Oaxaca,Santiago Yosondúa,57
Oaxaca,Santiago Yucuyachi,83
Oaxaca,Santiago Zacatepec,47
Oaxaca,Santiago Zoochila,85
Oaxaca,Nuevo Zoquiápam,86
Oaxaca,Santo Domingo Ingenio,88
Oaxaca,Santo Domingo Albarradas,69
Oaxaca,Santo Domingo Armenta,78
Oaxaca,Santo Domingo Chihuitán,84
Oaxaca,Santo Domingo de Morelos,57
Oaxaca,Santo Domingo Ixcatlán,66
Oaxaca,Santo Domingo Nuxaá,50
Oaxaca,Santo Domingo Ozolotepec,56
Oaxaca,Santo Domingo Petapa,65
Oaxaca,Santo Domingo Roayaga,44
Oaxaca,Santo Domingo Tehuantepec,90
Oaxaca,Santo Domingo Teojomulco,73
Oaxaca,Santo Domingo Tepuxtepec,48
Oaxaca,Santo Domingo Tlatayápam,62
Oaxaca,Santo Domingo Tomaltepec,88
Oaxaca,Santo Domingo Tonalá,85
Oaxaca,Santo Domingo Tonaltepec,59
Oaxaca,Santo Domingo Xagacía,51
Oaxaca,Santo Domingo Yanhuitlán,77
Oaxaca,Santo Domingo Yodohino,70
Oaxaca,Santo Domingo Zanatepec,81
Oaxaca,Santos Reyes Nopala,68
Oaxaca,Santos Reyes Pápalo,48
Oaxaca,Santos Reyes Tepejillo,67
Oaxaca,Santos Reyes Yucuná,62
Oaxaca,Santo Tomás Jalieza,73
Oaxaca,Santo Tomás Mazaltepec,76
Oaxaca,Santo Tomás Ocotepec,45
Oaxaca,Santo Tomás Tamazulapan,77
Oaxaca,San Vicente Coatlán,62
Oaxaca,San Vicente Lachixío,51
Oaxaca,San Vicente Nuñú,82
Oaxaca,Silacayoápam,77
Oaxaca,Sitio de Xitlapehua,67
Oaxaca,Soledad Etla,88
Oaxaca,Villa de Tamazulápam del Progreso,86
Oaxaca,Tanetze de Zaragoza,66
Oaxaca,Taniche,70
Oaxaca,Tataltepec de Valdés,59
Oaxaca,Teococuilco de Marcos Pérez,79
Oaxaca,Teotitlán de Flores Magón,85
Oaxaca,Teotitlán del Valle,89
Oaxaca,Teotongo,74
Oaxaca,Tepelmeme Villa de Morelos,73
Oaxaca,"Heroica Villa Tezoatlán de Segura y Luna, Cuna de la Independencia de Oaxaca",72
Oaxaca,San Jerónimo Tlacochahuaya,80
Oaxaca,Tlacolula de Matamoros,96
Oaxaca,Tlacotepec Plumas,75
Oaxaca,Tlalixtac de Cabrera,99
Oaxaca,Totontepec Villa de Morelos,59
Oaxaca,Trinidad Zaachila,77
Oaxaca,La Trinidad Vista Hermosa,83
Oaxaca,Unión Hidalgo,87
Oaxaca,Valerio Trujano,73
Oaxaca,San Juan Bautista Valle Nacional,76
Oaxaca,Villa Díaz Ordaz,70
Oaxaca,Yaxe,51
Oaxaca,Magdalena Yodocono de Porfirio Díaz,71
Oaxaca,Yogana,64
Oaxaca,Yutanduchi de Guerrero,49
Oaxaca,Villa de Zaachila,81
Oaxaca,San Mateo Yucutindó,56
Oaxaca,Zapotitlán Lagunas,80
Oaxaca,Zapotitlán Palmas,79
Oaxaca,Santa Inés de Zaragoza,62
Oaxaca,Zimatlán de Álvarez,81
Puebla,Acajete,84
Puebla,Acateno,74
Puebla,Acatlán,91
Puebla,Acatzingo,81
Puebla,Acteopan,55
Puebla,Ahuacatlán,59
Puebla,Ahuatlán,75
Puebla,Ahuazotepec,91
Puebla,Ahuehuetitla,87
Puebla,Ajalpan,68
Puebla,Albino Zertuche,78
Puebla,Aljojuca,81
Puebla,Altepexi,83
Puebla,Amixtlán,62
Puebla,Amozoc,96
Puebla,Aquixtla,81
Puebla,Atempan,72
Puebla,Atexcal,71
Puebla,Atlixco,97
Puebla,Atoyatempan,79
Puebla,Atzala,92
Puebla,Atzitzihuacán,71
Puebla,Atzitzintla,72
Puebla,Axutla,91
Puebla,Ayotoxco de Guerrero,74
Puebla,Calpan,86
Puebla,Caltepec,61
Puebla,Camocuautla,60
Puebla,Caxhuacan,73
Puebla,Coatepec,78
Puebla,Coatzingo,80
Puebla,Cohetzala,81
Puebla,Cohuecan,65
Puebla,Coronango,96
Puebla,Coxcatlán,78
Puebla,Coyomeapan,49
Puebla,Coyotepec,80
Puebla,Cuapiaxtla de Madero,83
Puebla,Cuautempan,66
Puebla,Cuautinchán,77
Puebla,Cuautlancingo,108
Puebla,Cuayuca de Andrade,73
Puebla,Cuetzalan del Progreso,67
Puebla,Cuyoaco,81
Puebla,Chalchicomula de Sesma,84
Puebla,Chapulco,80
Puebla,Chiautla,88
Puebla,Chiautzingo,85
Puebla,Chiconcuautla,53
Puebla,Chichiquila,59
Puebla,Chietla,94
Puebla,Chigmecatitlán,65
Puebla,Chignahuapan,91
Puebla,Chignautla,76
Puebla,Chila,76
Puebla,Chila de la Sal,91
Puebla,Honey,74
Puebla,Chilchotla,66
Puebla,Chinantla,89
Puebla,Domingo Arenas,81
Puebla,Eloxochitlán,53
Puebla,Epatlán,87
Puebla,Esperanza,80
Puebla,Francisco Z. Mena,72
Puebla,General Felipe Ángeles,75
Puebla,Guadalupe,84
Puebla,Guadalupe Victoria,81
Puebla,Hermenegildo Galeana,62
Puebla,Huaquechula,84
Puebla,Huatlatlauca,68
Puebla,Huauchinango,88
Puebla,Huehuetla,65
Puebla,Huehuetlán el Chico,82
Puebla,Huejotzingo,93
Puebla,Hueyapan,59
Puebla,Hueytamalco,77
Puebla,Hueytlalpan,60
Puebla,Huitzilan de Serdán,61
Puebla,Huitziltepec,77
Puebla,Atlequizayan,64
Puebla,Ixcamilpa de Guerrero,77
Puebla,Ixcaquixtla,86
Puebla,Ixtacamaxtitlán,71
Puebla,Ixtepec,62
Puebla,Izúcar de Matamoros,98
Puebla,Jalpan,65
Puebla,Jolalpan,75
Puebla,Jonotla,71
Puebla,Jopala,65
Puebla,Juan C. Bonilla,91
Puebla,Juan Galindo,100
Puebla,Juan N. Méndez,68
Puebla,Lafragua,70
Puebla,Libres,85
Puebla,La Magdalena Tlatlauquitepec,80
Puebla,Mazapiltepec de Juárez,76
Puebla,Mixtla,84
Puebla,Molcaxac,74
Puebla,Cañada Morelos,76
Puebla,Naupan,55
Puebla,Nauzontla,69
Puebla,Nealtican,84
Puebla,Nicolás Bravo,76
Puebla,Nopalucan,81
Puebla,Ocotepec,80
Puebla,Ocoyucan,96
Puebla,Olintla,62
Puebla,Oriental,81
Puebla,Pahuatlán,70
Puebla,Palmar de Bravo,71
Puebla,Pantepec,65
Puebla,Petlalcingo,74
Puebla,Piaxtla,88
Puebla,Puebla,110
Puebla,Quecholac,75
Puebla,Quimixtlán,63
Puebla,Rafael Lara Grajales,88
Puebla,Los Reyes de Juárez,80
Puebla,San Andrés Cholula,116
Puebla,San Antonio Cañada,67
Puebla,San Diego la Mesa Tochimiltzingo,76
Puebla,San Felipe Teotlalcingo,87
Puebla,San Felipe Tepatlán,60
Puebla,San Gabriel Chilac,79
Puebla,San Gregorio Atzompa,105
Puebla,San Jerónimo Tecuanipan,79
Puebla,San Jerónimo Xayacatlán,79
Puebla,San José Chiapa,77
Puebla,San José Miahuatlán,84
Puebla,San Juan Atenco,83
Puebla,San Juan Atzompa,77
Puebla,San Martín Texmelucan,97
Puebla,San Martín Totoltepec,86
Puebla,San Matías Tlalancaleca,88
Puebla,San Miguel Ixitlán,65
Puebla,San Miguel Xoxtla,98
Puebla,San Nicolás Buenos Aires,75
Puebla,San Nicolás de los Ranchos,78
Puebla,San Pablo Anicano,84
Puebla,San Pedro Cholula,109
Puebla,San Pedro Yeloixtlahuaca,85
Puebla,San Salvador el Seco,79
Puebla,San Salvador el Verde,89
Puebla,San Salvador Huixcolotla,88
Puebla,San Sebastián Tlacotepec,53
Puebla,Santa Catarina Tlaltempan,67
Puebla,Santa Inés Ahuatempan,71
Puebla,Santa Isabel Cholula,77
Puebla,Santiago Miahuatlán,81
Puebla,Huehuetlán el Grande,71
Puebla,Santo Tomás Hueyotlipan,82
Puebla,Soltepec,80
Puebla,Tecali de Herrera,81
Puebla,Tecamachalco,88
Puebla,Tecomatlán,86
Puebla,Tehuacán,99
Puebla,Tehuitzingo,86
Puebla,Tenampulco,70
Puebla,Teopantlán,65
Puebla,Teotlalco,85
Puebla,Tepanco de López,83
Puebla,Tepango de Rodríguez,59
Puebla,Tepatlaxco de Hidalgo,86
Puebla,Tepeaca,86
Puebla,Tepemaxalco,67
Puebla,Tepeojuma,90
Puebla,Tepetzintla,56
Puebla,Tepexco,67
Puebla,Tepexi de Rodríguez,74
Puebla,Tepeyahualco,75
Puebla,Tepeyahualco de Cuauhtémoc,83
Puebla,Tetela de Ocampo,75
Puebla,Teteles de Avila Castillo,92
Puebla,Teziutlán,93
Puebla,Tianguismanalco,78
Puebla,Tilapa,92
Puebla,Tlacotepec de Benito Juárez,76
Puebla,Tlacuilotepec,60
Puebla,Tlachichuca,76
Puebla,Tlahuapan,81
Puebla,Tlaltenango,82
Puebla,Tlanepantla,79
Puebla,Tlaola,57
Puebla,Tlapacoya,61
Puebla,Tlapanalá,84
Puebla,Tlatlauquitepec,81
Puebla,Tlaxco,63
Puebla,Tochimilco,70
Puebla,Tochtepec,80
Puebla,Totoltepec de Guerrero,68
Puebla,Tulcingo,90
Puebla,Tuzamapan de Galeana,75
Puebla,Tzicatlacoyan,68
Puebla,Venustiano Carranza,81
Puebla,Vicente Guerrero,58
Puebla,Xayacatlán de Bravo,80
Puebla,Xicotepec,82
Puebla,Xicotlán,73
Puebla,Xiutetelco,73
Puebla,Xochiapulco,69
Puebla,Xochiltepec,87
Puebla,Xochitlán de Vicente Suárez,61
Puebla,Xochitlán Todos Santos,78
Puebla,Yaonáhuac,73
Puebla,Yehualtepec,80
Puebla,Zacapala,74
Puebla,Zacapoaxtla,78
Puebla,Zacatlán,86
Puebla,Zapotitlán,84
Puebla,Zapotitlán de Méndez,74
Puebla,Zaragoza,89
Puebla,Zautla,62
Puebla,Zihuateutla,62
Puebla,Zinacatepec,85
Puebla,Zongozotla,67
Puebla,Zoquiapan,67
Puebla,Zoquitlán,57
Querétaro,Amealco de Bonfil,78
Querétaro,Pinal de Amoles,76
Querétaro,Arroyo Seco,95
Querétaro,Cadereyta de Montes,83
Querétaro,Colón,82
Querétaro,Corregidora,120
Querétaro,Ezequiel Montes,93
Querétaro,Huimilpan,95
Querétaro,Jalpan de Serra,95
Querétaro,Landa de Matamoros,93
Querétaro,El Marqués,104
Querétaro,Pedro Escobedo,90
Querétaro,Peñamiller,83
Querétaro,Querétaro,117
Querétaro,San Joaquín,88
Querétaro,San Juan del Río,100
Querétaro,Tequisquiapan,94
Querétaro,Tolimán,75
Quintana Roo,Cozumel,116
Quintana Roo,Felipe Carrillo Puerto,83
Quintana Roo,Isla Mujeres,103
Quintana Roo,Othón P. Blanco,104
Quintana Roo,Benito Juárez,109
Quintana Roo,José María Morelos,83
Quintana Roo,Lázaro Cárdenas,85
Quintana Roo,Solidaridad,103
Quintana Roo,Tulum,95
Quintana Roo,Bacalar,83
Quintana Roo,Puerto Morelos,103
San Luis Potosí,Ahualulco,84
San Luis Potosí,Alaquines,80
San Luis Potosí,Aquismón,58
San Luis Potosí,Armadillo de los Infante,81
San Luis Potosí,Cárdenas,98
San Luis Potosí,Catorce,82
San Luis Potosí,Cedral,97
San Luis Potosí,Cerritos,98
San Luis Potosí,Cerro de San Pedro,104
San Luis Potosí,Ciudad del Maíz,89
San Luis Potosí,Ciudad Fernández,98
San Luis Potosí,Tancanhuitz,63
San Luis Potosí,Ciudad Valles,97
San Luis Potosí,Coxcatlán,64
San Luis Potosí,Charcas,92
San Luis Potosí,Ebano,93
San Luis Potosí,Guadalcázar,76
San Luis Potosí,Huehuetlán,67
San Luis Potosí,Lagunillas,85
San Luis Potosí,Matehuala,107
San Luis Potosí,Mexquitic de Carmona,89
San Luis Potosí,Moctezuma,84
San Luis Potosí,Rayón,89
San Luis Potosí,Rioverde,99
San Luis Potosí,Salinas,95
San Luis Potosí,San Antonio,58
San Luis Potosí,San Ciro de Acosta,98
San Luis Potosí,San Luis Potosí,119
San Luis Potosí,San Martín Chalchicuautla,63
San Luis Potosí,San Nicolás Tolentino,86
San Luis Potosí,Santa Catarina,62
San Luis Potosí,Santa María del Río,88
San Luis Potosí,Santo Domingo,89
San Luis Potosí,San Vicente Tancuayalab,78
San Luis Potosí,Soledad de Graciano Sánchez,115
San Luis Potosí,Tamasopo,85
San Luis Potosí,Tamazunchale,76
San Luis Potosí,Tampacán,70
San Luis Potosí,Tampamolón Corona,70
San Luis Potosí,Tamuín,86
San Luis Potosí,Tanlajás,55
San Luis Potosí,Tanquián de Escobedo,86
San Luis Potosí,Tierra Nueva,85
San Luis Potosí,Vanegas,84
San Luis Potosí,Venado,91
San Luis Potosí,Villa de Arriaga,84
San Luis Potosí,Villa de Guadalupe,84
San Luis Potosí,Villa de la Paz,102
San Luis Potosí,Villa de Ramos,86
San Luis Potosí,Villa de Reyes,87
San Luis Potosí,Villa Hidalgo,85
San Luis Potosí,Villa Juárez,86
San Luis Potosí,Axtla de Terrazas,76
San Luis Potosí,Xilitla,69
San Luis Potosí,Zaragoza,87
San Luis Potosí,Villa de Arista,89
San Luis Potosí,Matlapa,68
San Luis Potosí,El Naranjo,92
Sinaloa,Ahome,100
Sinaloa,Angostura,104
Sinaloa,Badiraguato,89
Sinaloa,Concordia,92
Sinaloa,Cosalá,95
Sinaloa,Culiacán,107
Sinaloa,Choix,87
Sinaloa,Elota,98
Sinaloa,Escuinapa,94
Sinaloa,El Fuerte,84
Sinaloa,Guasave,99
Sinaloa,Mazatlán,106
Sinaloa,Mocorito,95
Sinaloa,Rosario,93
Sinaloa,Salvador Alvarado,108
Sinaloa,San Ignacio,91
Sinaloa,Sinaloa,89
Sinaloa,Navolato,89
Sonora,Aconchi,105
Sonora,Agua Prieta,105
Sonora,Alamos,86
Sonora,Altar,101
Sonora,Arivechi,97
Sonora,Arizpe,99
Sonora,Atil,97
Sonora,Bacadéhuachi,101
Sonora,Bacanora,101
Sonora,Bacerac,101
Sonora,Bacoachi,96
Sonora,Bácum,85
Sonora,Banámichi,110
Sonora,Baviácora,104
Sonora,Bavispe,99
Sonora,Benjamín Hill,99
Sonora,Caborca,102
Sonora,Cajeme,99
Sonora,Cananea,113
Sonora,Carbó,91
Sonora,La Colorada,91
Sonora,Cucurpe,92
Sonora,Cumpas,103
Sonora,Divisaderos,103
Sonora,Empalme,101
Sonora,Etchojoa,73
Sonora,Fronteras,102
Sonora,Granados,98
Sonora,Guaymas,104
Sonora,Hermosillo,108
Sonora,Huachinera,100
Sonora,Huásabas,103
Sonora,Huatabampo,84
Sonora,Huépac,112
Sonora,Imuris,102
Sonora,Magdalena,106
Sonora,Mazatán,93
Sonora,Moctezuma,104
Sonora,Naco,101
Sonora,Nácori Chico,89
Sonora,Nacozari de García,113
Sonora,Navojoa,92
Sonora,Nogales,110
Sonora,Onavas,101
Sonora,Opodepe,91
Sonora,Oquitoa,99
Sonora,Pitiquito,99
Sonora,Puerto Peñasco,108
Sonora,Quiriego,71
Sonora,Rayón,92
Sonora,Rosario,90
Sonora,Sahuaripa,96
Sonora,San Felipe de Jesús,104
Sonora,San Javier,101
Sonora,San Luis Río Colorado,103
Sonora,San Miguel de Horcasitas,75
Sonora,San Pedro de la Cueva,101
Sonora,Santa Ana,104
Sonora,Santa Cruz,96
Sonora,Sáric,96
Sonora,Soyopa,95
Sonora,Suaqui Grande,95
Sonora,Tepache,108
Sonora,Trincheras,92
Sonora,Tubutama,95
Sonora,Ures,101
Sonora,Villa Hidalgo,102
Sonora,Villa Pesqueira,97
Sonora,Yécora,81
Sonora,General Plutarco Elías Calles,101
Sonora,Benito Juárez,84
Sonora,San Ignacio Río Muerto,79
Tabasco,Balancán,84
Tabasco,Cárdenas,86
Tabasco,Centla,74
Tabasco,Centro,101
Tabasco,Comalcalco,87
Tabasco,Cunduacán,83
Tabasco,Emiliano Zapata,93
Tabasco,Huimanguillo,83
Tabasco,Jalapa,83
Tabasco,Jalpa de Méndez,81
Tabasco,Jonuta,75
Tabasco,Macuspana,81
Tabasco,Nacajuca,95
Tabasco,Paraíso,94
Tabasco,Tacotalpa,76
Tabasco,Teapa,89
Tabasco,Tenosique,85
Tamaulipas,Abasolo,96
Tamaulipas,Aldama,89
Tamaulipas,Altamira,99
Tamaulipas,Antiguo Morelos,93
Tamaulipas,Burgos,87
Tamaulipas,Bustamante,74
Tamaulipas,Camargo,90
Tamaulipas,Casas,80
Tamaulipas,Ciudad Madero,109
Tamaulipas,Cruillas,85
Tamaulipas,Gómez Farías,85
Tamaulipas,González,87
Tamaulipas,Güémez,81
Tamaulipas,Guerrero,93
Tamaulipas,Gustavo Díaz Ordaz,97
Tamaulipas,Hidalgo,83
Tamaulipas,Jaumave,83
Tamaulipas,Jiménez,96
Tamaulipas,Llera,88
Tamaulipas,Mainero,92
Tamaulipas,El Mante,98
Tamaulipas,Matamoros,99
Tamaulipas,Méndez,87
Tamaulipas,Mier,94
Tamaulipas,Miguel Alemán,103
Tamaulipas,Miquihuana,75
Tamaulipas,Nuevo Laredo,101
Tamaulipas,Nuevo Morelos,99
Tamaulipas,Ocampo,91
Tamaulipas,Padilla,86
Tamaulipas,Palmillas,87
Tamaulipas,Reynosa,98
Tamaulipas,Río Bravo,97
Tamaulipas,San Carlos,75
Tamaulipas,San Fernando,87
Tamaulipas,San Nicolás,62
Tamaulipas,Soto la Marina,88
Tamaulipas,Tampico,106
Tamaulipas,Tula,85
Tamaulipas,Valle Hermoso,100
Tamaulipas,Victoria,105
Tamaulipas,Villagrán,87
Tamaulipas,Xicoténcatl,93
Tlaxcala,Amaxac de Guerrero,100
Tlaxcala,Apetatitlán de Antonio Carvajal,102
Tlaxcala,Atlangatepec,88
Tlaxcala,Atltzayanca,79
Tlaxcala,Apizaco,108
Tlaxcala,Calpulalpan,96
Tlaxcala,El Carmen Tequexquitla,76
Tlaxcala,Cuapiaxtla,79
Tlaxcala,Cuaxomulco,88
Tlaxcala,Chiautempan,95
Tlaxcala,Muñoz de Domingo Arenas,101
Tlaxcala,Españita,85
Tlaxcala,Huamantla,86
Tlaxcala,Hueyotlipan,93
Tlaxcala,Ixtacuixtla de Mariano Matamoros,91
Tlaxcala,Ixtenco,88
Tlaxcala,Mazatecochco de José María Morelos,79
Tlaxcala,Contla de Juan Cuamatzi,87
Tlaxcala,Tepetitla de Lardizábal,91
Tlaxcala,Sanctórum de Lázaro Cárdenas,94
Tlaxcala,Nanacamilpa de Mariano Arista,95
Tlaxcala,Acuamanala de Miguel Hidalgo,93
Tlaxcala,Natívitas,85
Tlaxcala,Panotla,97
Tlaxcala,San Pablo del Monte,92
Tlaxcala,Santa Cruz Tlaxcala,98
Tlaxcala,Tenancingo,96
Tlaxcala,Teolocholco,88
Tlaxcala,Tepeyanco,96
Tlaxcala,Terrenate,84
Tlaxcala,Tetla de la Solidaridad,98
Tlaxcala,Tetlatlahuca,92
Tlaxcala,Tlaxcala,112
Tlaxcala,Tlaxco,88
Tlaxcala,Tocatlán,93
Tlaxcala,Totolac,102
Tlaxcala,Ziltlaltépec de Trinidad Sánchez Santos,73
Tlaxcala,Tzompantepec,97
Tlaxcala,Xaloztoc,93
Tlaxcala,Xaltocan,90
Tlaxcala,Papalotla de Xicohténcatl,90
Tlaxcala,Xicohtzinco,97
Tlaxcala,Yauhquemehcan,103
Tlaxcala,Zacatelco,94
Tlaxcala,Benito Juárez,86
Tlaxcala,Emiliano Zapata,83
Tlaxcala,Lázaro Cárdenas,94
Tlaxcala,La Magdalena Tlaltelulco,15
Tlaxcala,San Damián Texóloc,97
Tlaxcala,San Francisco Tetlanohcan,90
Tlaxcala,San Jerónimo Zacualpan,95
Tlaxcala,San José Teacalco,84
Tlaxcala,San Juan Huactzinco,93
Tlaxcala,San Lorenzo Axocomanitla,96
Tlaxcala,San Lucas Tecopilco,101
Tlaxcala,Santa Ana Nopalucan,92
Tlaxcala,Santa Apolonia Teacalco,96
Tlaxcala,Santa Catarina Ayometla,89
Tlaxcala,Santa Cruz Quilehtla,88
Tlaxcala,Santa Isabel Xiloxoxtla,89
Veracruz de Ignacio de la Llave,Acajete,73
Veracruz de Ignacio de la Llave,Acatlán,82
Veracruz de Ignacio de la Llave,Acayucan,86
Veracruz de Ignacio de la Llave,Actopan,94
Veracruz de Ignacio de la Llave,Acula,82
Veracruz de Ignacio de la Llave,Acultzingo,67
Veracruz de Ignacio de la Llave,Camarón de Tejeda,75
Veracruz de Ignacio de la Llave,Alpatláhuac,59
Veracruz de Ignacio de la Llave,Alto Lucero de Gutiérrez Barrios,95
Veracruz de Ignacio de la Llave,Altotonga,73
Veracruz de Ignacio de la Llave,Alvarado,103
Veracruz de Ignacio de la Llave,Amatitlán,85
Veracruz de Ignacio de la Llave,Naranjos Amatlán,95
Veracruz de Ignacio de la Llave,Amatlán de los Reyes,87
Veracruz de Ignacio de la Llave,Angel R. Cabada,81
Veracruz de Ignacio de la Llave,La Antigua,96
Veracruz de Ignacio de la Llave,Apazapan,85
Veracruz de Ignacio de la Llave,Aquila,61
Veracruz de Ignacio de la Llave,Astacinga,58
Veracruz de Ignacio de la Llave,Atlahuilco,53
Veracruz de Ignacio de la Llave,Atoyac,91
Veracruz de Ignacio de la Llave,Atzacan,70
Veracruz de Ignacio de la Llave,Atzalan,76
Veracruz de Ignacio de la Llave,Tlaltetela,74
Veracruz de Ignacio de la Llave,Ayahualulco,63
Veracruz de Ignacio de la Llave,Banderilla,104
Veracruz de Ignacio de la Llave,Benito Juárez,54
Veracruz de Ignacio de la Llave,Boca del Río,113
Veracruz de Ignacio de la Llave,Calcahualco,57
Veracruz de Ignacio de la Llave,Camerino Z. Mendoza,94
Veracruz de Ignacio de la Llave,Carrillo Puerto,74
Veracruz de Ignacio de la Llave,Catemaco,82
Veracruz de Ignacio de la Llave,Cazones de Herrera,68
Veracruz de Ignacio de la Llave,Cerro Azul,101
Veracruz de Ignacio de la Llave,Citlaltépetl,73
Veracruz de Ignacio de la Llave,Coacoatzintla,84
Veracruz de Ignacio de la Llave,Coahuitlán,65
Veracruz de Ignacio de la Llave,Coatepec,101
Veracruz de Ignacio de la Llave,Coatzacoalcos,98
Veracruz de Ignacio de la Llave,Coatzintla,95
Veracruz de Ignacio de la Llave,Coetzala,62
Veracruz de Ignacio de la Llave,Colipa,80
Veracruz de Ignacio de la Llave,Comapa,70
Veracruz de Ignacio de la Llave,Córdoba,99
Veracruz de Ignacio de la Llave,Cosamaloapan de Carpio,90
Veracruz de Ignacio de la Llave,Cosautlán de Carvajal,78
Veracruz de Ignacio de la Llave,Coscomatepec,69
Veracruz de Ignacio de la Llave,Cosoleacaque,88
Veracruz de Ignacio de la Llave,Cotaxtla,84
Veracruz de Ignacio de la Llave,Coxquihui,64
Veracruz de Ignacio de la Llave,Coyutla,69
Veracruz de Ignacio de la Llave,Cuichapa,80
Veracruz de Ignacio de la Llave,Cuitláhuac,93
Veracruz de Ignacio de la Llave,Chacaltianguis,84
Veracruz de Ignacio de la Llave,Chalma,70
Veracruz de Ignacio de la Llave,Chiconamel,67
Veracruz de Ignacio de la Llave,Chiconquiaco,67
Veracruz de Ignacio de la Llave,Chicontepec,63
Veracruz de Ignacio de la Llave,Chinameca,76
Veracruz de Ignacio de la Llave,Chinampa de Gorostiza,73
Veracruz de Ignacio de la Llave,Las Choapas,85
Veracruz de Ignacio de la Llave,Chocamán,76
Veracruz de Ignacio de la Llave,Chontla,67
Veracruz de Ignacio de la Llave,Chumatlán,58
Veracruz de Ignacio de la Llave,Emiliano Zapata,104
Veracruz de Ignacio de la Llave,Espinal,67
Veracruz de Ignacio de la Llave,Filomeno Mata,63
Veracruz de Ignacio de la Llave,Fortín,102
Veracruz de Ignacio de la Llave,Gutiérrez Zamora,85
Veracruz de Ignacio de la Llave,Hidalgotitlán,77
Veracruz de Ignacio de la Llave,Huatusco,84
Veracruz de Ignacio de la Llave,Huayacocotla,74
Veracruz de Ignacio de la Llave,Hueyapan de Ocampo,73
Veracruz de Ignacio de la Llave,Huiloapan de Cuauhtémoc,88
Veracruz de Ignacio de la Llave,Ignacio de la Llave,80
Veracruz de Ignacio de la Llave,Ilamatlán,49
Veracruz de Ignacio de la Llave,Isla,85
Veracruz de Ignacio de la Llave,Ixcatepec,64
Veracruz de Ignacio de la Llave,Ixhuacán de los Reyes,65
Veracruz de Ignacio de la Llave,Ixhuatlán del Café,76
Veracruz de Ignacio de la Llave,Ixhuatlancillo,87
Veracruz de Ignacio de la Llave,Ixhuatlán del Sureste,84
Veracruz de Ignacio de la Llave,Ixhuatlán de Madero,54
Veracruz de Ignacio de la Llave,Ixmatlahuacan,79
Veracruz de Ignacio de la Llave,Ixtaczoquitlán,89
Veracruz de Ignacio de la Llave,Jalacingo,68
Veracruz de Ignacio de la Llave,Xalapa,107
Veracruz de Ignacio de la Llave,Jalcomulco,81
Veracruz de Ignacio de la Llave,Jáltipan,84
Veracruz de Ignacio de la Llave,Jamapa,82
Veracruz de Ignacio de la Llave,Jesús Carranza,84
Veracruz de Ignacio de la Llave,Xico,80
Veracruz de Ignacio de la Llave,Jilotepec,89
Veracruz de Ignacio de la Llave,Juan Rodríguez Clara,84
Veracruz de Ignacio de la Llave,Juchique de Ferrer,83
Veracruz de Ignacio de la Llave,Landero y Coss,86
Veracruz de Ignacio de la Llave,Lerdo de Tejada,94
Veracruz de Ignacio de la Llave,Magdalena,58
Veracruz de Ignacio de la Llave,Maltrata,77
Veracruz de Ignacio de la Llave,Manlio Fabio Altamirano,81
Veracruz de Ignacio de la Llave,Mariano Escobedo,83
Veracruz de Ignacio de la Llave,Martínez de la Torre,90
Veracruz de Ignacio de la Llave,Mecatlán,60
Veracruz de Ignacio de la Llave,Mecayapan,60
Veracruz de Ignacio de la Llave,Medellín,93
Veracruz de Ignacio de la Llave,Miahuatlán,80
Veracruz de Ignacio de la Llave,Las Minas,61
Veracruz de Ignacio de la Llave,Minatitlán,94
Veracruz de Ignacio de la Llave,Misantla,90
Veracruz de Ignacio de la Llave,Mixtla de Altamirano,49
Veracruz de Ignacio de la Llave,Moloacán,85
Veracruz de Ignacio de la Llave,Naolinco,88
Veracruz de Ignacio de la Llave,Naranjal,71
Veracruz de Ignacio de la Llave,Nautla,87
Veracruz de Ignacio de la Llave,Nogales,87
Veracruz de Ignacio de la Llave,Oluta,83
Veracruz de Ignacio de la Llave,Omealca,79
Veracruz de Ignacio de la Llave,Orizaba,109
Veracruz de Ignacio de la Llave,Otatitlán,84
Veracruz de Ignacio de la Llave,Oteapan,74
Veracruz de Ignacio de la Llave,Ozuluama de Mascareñas,80
Veracruz de Ignacio de la Llave,Pajapan,62
Veracruz de Ignacio de la Llave,Pánuco,89
Veracruz de Ignacio de la Llave,Papantla,78
Veracruz de Ignacio de la Llave,Paso del Macho,87
Veracruz de Ignacio de la Llave,Paso de Ovejas,85
Veracruz de Ignacio de la Llave,La Perla,49
Veracruz de Ignacio de la Llave,Perote,92
Veracruz de Ignacio de la Llave,Platón Sánchez,78
Veracruz de Ignacio de la Llave,Playa Vicente,83
Veracruz de Ignacio de la Llave,Poza Rica de Hidalgo,110
Veracruz de Ignacio de la Llave,Las Vigas de Ramírez,74
Veracruz de Ignacio de la Llave,Pueblo Viejo,88
Veracruz de Ignacio de la Llave,Puente Nacional,89
Veracruz de Ignacio de la Llave,Rafael Delgado,73
Veracruz de Ignacio de la Llave,Rafael Lucio,84
Veracruz de Ignacio de la Llave,Los Reyes,51
Veracruz de Ignacio de la Llave,Río Blanco,104
Veracruz de Ignacio de la Llave,Saltabarranca,84
Veracruz de Ignacio de la Llave,San Andrés Tenejapan,60
Veracruz de Ignacio de la Llave,San Andrés Tuxtla,76
Veracruz de Ignacio de la Llave,San Juan Evangelista,81
Veracruz de Ignacio de la Llave,Santiago Tuxtla,72
Veracruz de Ignacio de la Llave,Sayula de Alemán,78
Veracruz de Ignacio de la Llave,Soconusco,86
Veracruz de Ignacio de la Llave,Sochiapa,76
Veracruz de Ignacio de la Llave,Soledad Atzompa,47
Veracruz de Ignacio de la Llave,Soledad de Doblado,81
Veracruz de Ignacio de la Llave,Soteapan,59
Veracruz de Ignacio de la Llave,Tamalín,80
Veracruz de Ignacio de la Llave,Tamiahua,69
Veracruz de Ignacio de la Llave,Tampico Alto,77
Veracruz de Ignacio de la Llave,Tancoco,74
Veracruz de Ignacio de la Llave,Tantima,67
Veracruz de Ignacio de la Llave,Tantoyuca,67
Veracruz de Ignacio de la Llave,Tatatila,69
Veracruz de Ignacio de la Llave,Castillo de Teayo,78
Veracruz de Ignacio de la Llave,Tecolutla,78
Veracruz de Ignacio de la Llave,Tehuipango,52
Veracruz de Ignacio de la Llave,Álamo Temapache,78
Veracruz de Ignacio de la Llave,Tempoal,74
Veracruz de Ignacio de la Llave,Tenampa,70
Veracruz de Ignacio de la Llave,Tenochtitlán,79
Veracruz de Ignacio de la Llave,Teocelo,87
Veracruz de Ignacio de la Llave,Tepatlaxco,68
Veracruz de Ignacio de la Llave,Tepetlán,77
Veracruz de Ignacio de la Llave,Tepetzintla,64
Veracruz de Ignacio de la Llave,Tequila,52
Veracruz de Ignacio de la Llave,José Azueta,78
Veracruz de Ignacio de la Llave,Texcatepec,42
Veracruz de Ignacio de la Llave,Texhuacán,59
Veracruz de Ignacio de la Llave,Texistepec,69
Veracruz de Ignacio de la Llave,Tezonapa,69
Veracruz de Ignacio de la Llave,Tierra Blanca,92
Veracruz de Ignacio de la Llave,Tihuatlán,81
Veracruz de Ignacio de la Llave,Tlacojalpan,79
Veracruz de Ignacio de la Llave,Tlacolulan,67
Veracruz de Ignacio de la Llave,Tlacotalpan,90
Veracruz de Ignacio de la Llave,Tlacotepec de Mejía,80
Veracruz de Ignacio de la Llave,Tlachichilco,52
Veracruz de Ignacio de la Llave,Tlalixcoyan,84
Veracruz de Ignacio de la Llave,Tlalnelhuayocan,87
Veracruz de Ignacio de la Llave,Tlapacoyan,87
Veracruz de Ignacio de la Llave,Tlaquilpa,51
Veracruz de Ignacio de la Llave,Tlilapan,71
Veracruz de Ignacio de la Llave,Tomatlán,82
Veracruz de Ignacio de la Llave,Tonayán,65
Veracruz de Ignacio de la Llave,Totutla,77
Veracruz de Ignacio de la Llave,Tuxpan,99
Veracruz de Ignacio de la Llave,Tuxtilla,86
Veracruz de Ignacio de la Llave,Ursulo Galván,104
Veracruz de Ignacio de la Llave,Vega de Alatorre,92
Veracruz de Ignacio de la Llave,Veracruz,105
Veracruz de Ignacio de la Llave,Villa Aldama,75
Veracruz de Ignacio de la Llave,Xoxocotla,44
Veracruz de Ignacio de la Llave,Yanga,92
Veracruz de Ignacio de la Llave,Yecuatla,81
Veracruz de Ignacio de la Llave,Zacualpan,62
Veracruz de Ignacio de la Llave,Zaragoza,66
Veracruz de Ignacio de la Llave,Zentla,85
Veracruz de Ignacio de la Llave,Zongolica,60
Veracruz de Ignacio de la Llave,Zontecomatlán de López y Fuentes,44
Veracruz de Ignacio de la Llave,Zozocolco de Hidalgo,63
Veracruz de Ignacio de la Llave,Agua Dulce,96
Veracruz de Ignacio de la Llave,El Higo,89
Veracruz de Ignacio de la Llave,Nanchital de Lázaro Cárdenas del Río,101
Veracruz de Ignacio de la Llave,Tres Valles,86
Veracruz de Ignacio de la Llave,Carlos A. Carrillo,98
Veracruz de Ignacio de la Llave,Tatahuicapan de Juárez,62
Veracruz de Ignacio de la Llave,Uxpanapa,79
Veracruz de Ignacio de la Llave,San Rafael,89
Veracruz de Ignacio de la Llave,Santiago Sochiapan,68
Yucatán,Abalá,75
Yucatán,Acanceh,87
Yucatán,Akil,83
Yucatán,Baca,93
Yucatán,Bokobá,90
Yucatán,Buctzotz,90
Yucatán,Cacalchén,90
Yucatán,Calotmul,81
Yucatán,Cansahcab,88
Yucatán,Cantamayec,66
Yucatán,Celestún,88
Yucatán,Cenotillo,89
Yucatán,Conkal,109
Yucatán,Cuncunul,83
Yucatán,Cuzamá,79
Yucatán,Chacsinkín,77
Yucatán,Chankom,69
Yucatán,Chapab,80
Yucatán,Chemax,65
Yucatán,Chicxulub Pueblo,91
Yucatán,Chichimilá,71
Yucatán,Chikindzonot,65
Yucatán,Chocholá,91
Yucatán,Chumayel,83
Yucatán,Dzán,95
Yucatán,Dzemul,97
Yucatán,Dzidzantún,97
Yucatán,Dzilam de Bravo,99
Yucatán,Dzilam González,90
Yucatán,Dzitás,75
Yucatán,Dzoncauich,76
Yucatán,Espita,77
Yucatán,Halachó,77
Yucatán,Hocabá,77
Yucatán,Hoctún,78
Yucatán,Homún,80
Yucatán,Huhí,86
Yucatán,Hunucmá,86
Yucatán,Ixil,94
Yucatán,Izamal,93
Yucatán,Kanasín,99
Yucatán,Kantunil,81
Yucatán,Kaua,75
Yucatán,Kinchil,79
Yucatán,Kopomá,85
Yucatán,Mama,86
Yucatán,Maní,88
Yucatán,Maxcanú,82
Yucatán,Mayapán,67
Yucatán,Mérida,113
Yucatán,Mocochá,93
Yucatán,Motul,93
Yucatán,Muna,93
Yucatán,Muxupip,88
Yucatán,Opichén,80
Yucatán,Oxkutzcab,94
Yucatán,Panabá,98
Yucatán,Peto,84
Yucatán,Progreso,110
Yucatán,Quintana Roo,83
Yucatán,Río Lagartos,102
Yucatán,Sacalum,88
Yucatán,Samahil,82
Yucatán,Sanahcat,74
Yucatán,San Felipe,110
Yucatán,Santa Elena,90
Yucatán,Seyé,85
Yucatán,Sinanché,93
Yucatán,Sotuta,78
Yucatán,Sucilá,94
Yucatán,Sudzal,75
Yucatán,Suma,88
Yucatán,Tahdziú,66
Yucatán,Tahmek,84
Yucatán,Teabo,76
Yucatán,Tecoh,80
Yucatán,Tekal de Venegas,76
Yucatán,Tekantó,84
Yucatán,Tekax,88
Yucatán,Tekit,89
Yucatán,Tekom,69
Yucatán,Telchac Pueblo,96
Yucatán,Telchac Puerto,103
Yucatán,Temax,83
Yucatán,Temozón,79
Yucatán,Tepakán,73
Yucatán,Tetiz,77
Yucatán,Teya,80
Yucatán,Ticul,98
Yucatán,Timucuy,74
Yucatán,Tinum,80
Yucatán,Tixcacalcupul,64
Yucatán,Tixkokob,99
Yucatán,Tixmehuac,69
Yucatán,Tixpéhual,90
Yucatán,Tizimín,87
Yucatán,Tunkás,82
Yucatán,Tzucacab,82
Yucatán,Uayma,65
Yucatán,Ucú,91
Yucatán,Umán,96
Yucatán,Valladolid,92
Yucatán,Xocchel,75
Yucatán,Yaxcabá,65
Yucatán,Yaxkukul,97
Yucatán,Yobaín,92
Zacatecas,Apozol,102
Zacatecas,Apulco,98
Zacatecas,Atolinga,105
Zacatecas,Benito Juárez,102
Zacatecas,Calera,103
Zacatecas,Cañitas de Felipe Pescador,97
Zacatecas,Concepción del Oro,102
Zacatecas,Cuauhtémoc,92
Zacatecas,Chalchihuites,99
Zacatecas,Fresnillo,108
Zacatecas,Trinidad García de la Cadena,107
Zacatecas,Genaro Codina,86
Zacatecas,General Enrique Estrada,96
Zacatecas,General Francisco R. Murguía,100
Zacatecas,El Plateado de Joaquín Amaro,100
Zacatecas,General Pánfilo Natera,92
Zacatecas,Guadalupe,115
Zacatecas,Huanusco,102
Zacatecas,Jalpa,105
Zacatecas,Jerez,109
Zacatecas,Jiménez del Teul,85
Zacatecas,Juan Aldama,106
Zacatecas,Juchipila,108
Zacatecas,Loreto,102
Zacatecas,Luis Moya,103
Zacatecas,Mazapil,88
Zacatecas,Melchor Ocampo,85
Zacatecas,Mezquital del Oro,100
Zacatecas,Miguel Auza,104
Zacatecas,Momax,105
Zacatecas,Monte Escobedo,106
Zacatecas,Morelos,107
Zacatecas,Moyahua de Estrada,105
Zacatecas,Nochistlán de Mejía,104
Zacatecas,Noria de Ángeles,95
Zacatecas,Ojocaliente,97
Zacatecas,Pánuco,89
Zacatecas,Pinos,89
Zacatecas,Río Grande,103
Zacatecas,Sain Alto,95
Zacatecas,El Salvador,82
Zacatecas,Sombrerete,101
Zacatecas,Susticacán,95
Zacatecas,Tabasco,106
Zacatecas,Tepechitlán,102
Zacatecas,Tepetongo,100
Zacatecas,Teúl de González Ortega,107
Zacatecas,Tlaltenango de Sánchez Román,101
Zacatecas,Valparaíso,95
Zacatecas,Vetagrande,94
Zacatecas,Villa de Cos,93
Zacatecas,Villa García,102
Zacatecas,Villa González Ortega,98
Zacatecas,Villa Hidalgo,92
Zacatecas,Villanueva,105
Zacatecas,Zacatecas,115
Zacatecas,Trancoso,94
Zacatecas,Santa María de la Paz,102
